pID,DAP,Gen,Loc,Humidity,GDD,GrowthRate
1,1,A,K,52.82,8.5,0.03501462
2,1,A,K,52.82,8.5,0.03501462
3,1,A,K,52.82,8.5,0.03501462
4,1,A,K,52.82,8.5,0.03501462
5,1,A,K,52.82,8.5,0.03501462
6,1,A,K,52.82,8.5,0.03501462
7,2,A,K,60.94,22,0.03804111
8,2,A,K,60.94,22,0.03804111
9,2,A,K,60.94,22,0.03804111
10,2,A,K,60.94,22,0.03804111
11,2,A,K,60.94,22,0.03804111
12,2,A,K,60.94,22,0.03804111
13,3,A,K,81.27,38.5,0.041329194
14,3,A,K,81.27,38.5,0.041329194
15,3,A,K,81.27,38.5,0.041329194
16,3,A,K,81.27,38.5,0.041329194
17,3,A,K,81.27,38.5,0.041329194
18,3,A,K,81.27,38.5,0.041329194
19,4,A,K,65.71,58,0.044901484
20,4,A,K,65.71,58,0.044901484
21,4,A,K,65.71,58,0.044901484
22,4,A,K,65.71,58,0.044901484
23,4,A,K,65.71,58,0.044901484
24,4,A,K,65.71,58,0.044901484
25,5,A,K,62.41,75.5,0.048782544
26,5,A,K,62.41,75.5,0.048782544
27,5,A,K,62.41,75.5,0.048782544
28,5,A,K,62.41,75.5,0.048782544
29,5,A,K,62.41,75.5,0.048782544
30,5,A,K,62.41,75.5,0.048782544
31,6,A,K,47.66,91,0.052999065
32,6,A,K,47.66,91,0.052999065
33,6,A,K,47.66,91,0.052999065
34,6,A,K,47.66,91,0.052999065
35,6,A,K,47.66,91,0.052999065
36,6,A,K,47.66,91,0.052999065
37,7,A,K,47.93,104,0.05758004
38,7,A,K,47.93,104,0.05758004
39,7,A,K,47.93,104,0.05758004
40,7,A,K,47.93,104,0.05758004
41,7,A,K,47.93,104,0.05758004
42,7,A,K,47.93,104,0.05758004
43,8,A,K,49.38,122,0.062556972
44,8,A,K,49.38,122,0.062556972
45,8,A,K,49.38,122,0.062556972
46,8,A,K,49.38,122,0.062556972
47,8,A,K,49.38,122,0.062556972
48,8,A,K,49.38,122,0.062556972
49,9,A,K,67.23,133,0.067964085
50,9,A,K,67.23,133,0.067964085
51,9,A,K,67.23,133,0.067964085
52,9,A,K,67.23,133,0.067964085
53,9,A,K,67.23,133,0.067964085
54,9,A,K,67.23,133,0.067964085
55,10,A,K,83.94,145.5,0.073838562
56,10,A,K,83.94,145.5,0.073838562
57,10,A,K,83.94,145.5,0.073838562
58,10,A,K,83.94,145.5,0.073838562
59,10,A,K,83.94,145.5,0.073838562
60,10,A,K,83.94,145.5,0.073838562
61,11,A,K,64.41,161,0.0802208
62,11,A,K,64.41,161,0.0802208
63,11,A,K,64.41,161,0.0802208
64,11,A,K,64.41,161,0.0802208
65,11,A,K,64.41,161,0.0802208
66,11,A,K,64.41,161,0.0802208
67,12,A,K,52.71,164.5,0.087154687
68,12,A,K,52.71,164.5,0.087154687
69,12,A,K,52.71,164.5,0.087154687
70,12,A,K,52.71,164.5,0.087154687
71,12,A,K,52.71,164.5,0.087154687
72,12,A,K,52.71,164.5,0.087154687
73,13,A,K,52.64,170,0.094687904
74,13,A,K,52.64,170,0.094687904
75,13,A,K,52.64,170,0.094687904
76,13,A,K,52.64,170,0.094687904
77,13,A,K,52.64,170,0.094687904
78,13,A,K,52.64,170,0.094687904
79,14,A,K,66.06,173.5,0.102872255
80,14,A,K,66.06,173.5,0.102872255
81,14,A,K,66.06,173.5,0.102872255
82,14,A,K,66.06,173.5,0.102872255
83,14,A,K,66.06,173.5,0.102872255
84,14,A,K,66.06,173.5,0.102872255
85,15,A,K,65.08,177.5,0.111764021
86,15,A,K,65.08,177.5,0.111764021
87,15,A,K,65.08,177.5,0.111764021
88,15,A,K,65.08,177.5,0.111764021
89,15,A,K,65.08,177.5,0.111764021
90,15,A,K,65.08,177.5,0.111764021
91,16,A,K,56,185,0.121424346
92,16,A,K,56,185,0.121424346
93,16,A,K,56,185,0.121424346
94,16,A,K,56,185,0.121424346
95,16,A,K,56,185,0.121424346
96,16,A,K,56,185,0.121424346
97,17,A,K,83.16,192,0.131919662
98,17,A,K,83.16,192,0.131919662
99,17,A,K,83.16,192,0.131919662
100,17,A,K,83.16,192,0.131919662
101,17,A,K,83.16,192,0.131919662
102,17,A,K,83.16,192,0.131919662
103,18,A,K,64.87,203.5,0.143322141
104,18,A,K,64.87,203.5,0.143322141
105,18,A,K,64.87,203.5,0.143322141
106,18,A,K,64.87,203.5,0.143322141
107,18,A,K,64.87,203.5,0.143322141
108,18,A,K,64.87,203.5,0.143322141
109,19,A,K,71.21,226,0.155710194
110,19,A,K,71.21,226,0.155710194
111,19,A,K,71.21,226,0.155710194
112,19,A,K,71.21,226,0.155710194
113,19,A,K,71.21,226,0.155710194
114,19,A,K,71.21,226,0.155710194
115,20,A,K,52.67,248,0.169169008
116,20,A,K,52.67,248,0.169169008
117,20,A,K,52.67,248,0.169169008
118,20,A,K,52.67,248,0.169169008
119,20,A,K,52.67,248,0.169169008
120,20,A,K,52.67,248,0.169169008
121,21,A,K,56.57,269.5,0.183791134
122,21,A,K,56.57,269.5,0.183791134
123,21,A,K,56.57,269.5,0.183791134
124,21,A,K,56.57,269.5,0.183791134
125,21,A,K,56.57,269.5,0.183791134
126,21,A,K,56.57,269.5,0.183791134
127,22,A,K,74.88,291,0.199677125
128,22,A,K,74.88,291,0.199677125
129,22,A,K,74.88,291,0.199677125
130,22,A,K,74.88,291,0.199677125
131,22,A,K,74.88,291,0.199677125
132,22,A,K,74.88,291,0.199677125
133,23,A,K,76.57,313,0.216936222
134,23,A,K,76.57,313,0.216936222
135,23,A,K,76.57,313,0.216936222
136,23,A,K,76.57,313,0.216936222
137,23,A,K,76.57,313,0.216936222
138,23,A,K,76.57,313,0.216936222
139,24,A,K,69.32,331,0.235687109
140,24,A,K,69.32,331,0.235687109
141,24,A,K,69.32,331,0.235687109
142,24,A,K,69.32,331,0.235687109
143,24,A,K,69.32,331,0.235687109
144,24,A,K,69.32,331,0.235687109
145,25,A,K,67.65,344.5,0.256058729
146,25,A,K,67.65,344.5,0.256058729
147,25,A,K,67.65,344.5,0.256058729
148,25,A,K,67.65,344.5,0.256058729
149,25,A,K,67.65,344.5,0.256058729
150,25,A,K,67.65,344.5,0.256058729
151,26,A,K,62.15,362,0.278191171
152,26,A,K,62.15,362,0.278191171
153,26,A,K,62.15,362,0.278191171
154,26,A,K,62.15,362,0.278191171
155,26,A,K,62.15,362,0.278191171
156,26,A,K,62.15,362,0.278191171
157,27,A,K,72.08,380,0.302236631
158,27,A,K,72.08,380,0.302236631
159,27,A,K,72.08,380,0.302236631
160,27,A,K,72.08,380,0.302236631
161,27,A,K,72.08,380,0.302236631
162,27,A,K,72.08,380,0.302236631
163,28,A,K,78.11,401,0.328360461
164,28,A,K,78.11,401,0.328360461
165,28,A,K,78.11,401,0.328360461
166,28,A,K,78.11,401,0.328360461
167,28,A,K,78.11,401,0.328360461
168,28,A,K,78.11,401,0.328360461
169,29,A,K,82.57,415,0.356742304
170,29,A,K,82.57,415,0.356742304
171,29,A,K,82.57,415,0.356742304
172,29,A,K,82.57,415,0.356742304
173,29,A,K,82.57,415,0.356742304
174,29,A,K,82.57,415,0.356742304
175,30,A,K,61.87,427.5,0.387577333
176,30,A,K,61.87,427.5,0.387577333
177,30,A,K,61.87,427.5,0.387577333
178,30,A,K,61.87,427.5,0.387577333
179,30,A,K,61.87,427.5,0.387577333
180,30,A,K,61.87,427.5,0.387577333
181,31,A,K,59.91,446,0.421077588
182,31,A,K,59.91,446,0.421077588
183,31,A,K,59.91,446,0.421077588
184,31,A,K,59.91,446,0.421077588
185,31,A,K,59.91,446,0.421077588
186,31,A,K,59.91,446,0.421077588
187,32,A,K,60.32,465.5,0.457473439
188,32,A,K,60.32,465.5,0.457473439
189,32,A,K,60.32,465.5,0.457473439
190,32,A,K,60.32,465.5,0.457473439
191,32,A,K,60.32,465.5,0.457473439
192,32,A,K,60.32,465.5,0.457473439
193,33,A,K,58.08,482,0.497015165
194,33,A,K,58.08,482,0.497015165
195,33,A,K,58.08,482,0.497015165
196,33,A,K,58.08,482,0.497015165
197,33,A,K,58.08,482,0.497015165
198,33,A,K,58.08,482,0.497015165
199,34,A,K,64.29,502.5,0.539974682
200,34,A,K,64.29,502.5,0.539974682
201,34,A,K,64.29,502.5,0.539974682
202,34,A,K,64.29,502.5,0.539974682
203,34,A,K,64.29,502.5,0.539974682
204,34,A,K,64.29,502.5,0.539974682
205,35,A,K,66.93,523.5,0.586647405
206,35,A,K,66.93,523.5,0.586647405
207,35,A,K,66.93,523.5,0.586647405
208,35,A,K,66.93,523.5,0.586647405
209,35,A,K,66.93,523.5,0.586647405
210,35,A,K,66.93,523.5,0.586647405
211,36,A,K,71.17,547.5,0.637354286
212,36,A,K,71.17,547.5,0.637354286
213,36,A,K,71.17,547.5,0.637354286
214,36,A,K,71.17,547.5,0.637354286
215,36,A,K,71.17,547.5,0.637354286
216,36,A,K,71.17,547.5,0.637354286
217,37,A,K,71.63,573,0.692444018
218,37,A,K,71.63,573,0.692444018
219,37,A,K,71.63,573,0.692444018
220,37,A,K,71.63,573,0.692444018
221,37,A,K,71.63,573,0.692444018
222,37,A,K,71.63,573,0.692444018
223,38,A,K,69.71,599,0.752295431
224,38,A,K,69.71,599,0.752295431
225,38,A,K,69.71,599,0.752295431
226,38,A,K,69.71,599,0.752295431
227,38,A,K,69.71,599,0.752295431
228,38,A,K,69.71,599,0.752295431
229,39,A,K,64.81,626,0.817320103
230,39,A,K,64.81,626,0.817320103
231,39,A,K,64.81,626,0.817320103
232,39,A,K,64.81,626,0.817320103
233,39,A,K,64.81,626,0.817320103
234,39,A,K,64.81,626,0.817320103
235,40,A,K,58.3,650,0.887965183
236,40,A,K,58.3,650,0.887965183
237,40,A,K,58.3,650,0.887965183
238,40,A,K,58.3,650,0.887965183
239,40,A,K,58.3,650,0.887965183
240,40,A,K,58.3,650,0.887965183
241,41,A,K,56.86,673.5,0.96471647
242,41,A,K,56.86,673.5,0.96471647
243,41,A,K,56.86,673.5,0.96471647
244,41,A,K,56.86,673.5,0.96471647
245,41,A,K,56.86,673.5,0.96471647
246,41,A,K,56.86,673.5,0.96471647
247,42,A,K,70.81,697,1.048101755
248,42,A,K,70.81,697,1.048101755
249,42,A,K,70.81,697,1.048101755
250,42,A,K,70.81,697,1.048101755
251,42,A,K,70.81,697,1.048101755
252,42,A,K,70.81,697,1.048101755
253,43,A,K,55.14,722,1.138694444
254,43,A,K,55.14,722,1.138694444
255,43,A,K,55.14,722,1.138694444
256,43,A,K,55.14,722,1.138694444
257,43,A,K,55.14,722,1.138694444
258,43,A,K,55.14,722,1.138694444
259,44,A,K,43.67,747.5,1.237117502
260,44,A,K,43.67,747.5,1.237117502
261,44,A,K,43.67,747.5,1.237117502
262,44,A,K,43.67,747.5,1.237117502
263,44,A,K,43.67,747.5,1.237117502
264,44,A,K,43.67,747.5,1.237117502
265,45,A,K,54.76,774.5,1.344047736
266,45,A,K,54.76,774.5,1.344047736
267,45,A,K,54.76,774.5,1.344047736
268,45,A,K,54.76,774.5,1.344047736
269,45,A,K,54.76,774.5,1.344047736
270,45,A,K,54.76,774.5,1.344047736
271,46,A,K,73.05,799,1.460220434
272,46,A,K,73.05,799,1.460220434
273,46,A,K,73.05,799,1.460220434
274,46,A,K,73.05,799,1.460220434
275,46,A,K,73.05,799,1.460220434
276,46,A,K,73.05,799,1.460220434
277,47,A,K,63.78,823.5,1.586434407
278,47,A,K,63.78,823.5,1.586434407
279,47,A,K,63.78,823.5,1.586434407
280,47,A,K,63.78,823.5,1.586434407
281,47,A,K,63.78,823.5,1.586434407
282,47,A,K,63.78,823.5,1.586434407
283,48,A,K,77.98,850,1.723557438
284,48,A,K,77.98,850,1.723557438
285,48,A,K,77.98,850,1.723557438
286,48,A,K,77.98,850,1.723557438
287,48,A,K,77.98,850,1.723557438
288,48,A,K,77.98,850,1.723557438
289,49,A,K,66.61,876.5,1.872532156
290,49,A,K,66.61,876.5,1.872532156
291,49,A,K,66.61,876.5,1.872532156
292,49,A,K,66.61,876.5,1.872532156
293,49,A,K,66.61,876.5,1.872532156
294,49,A,K,66.61,876.5,1.872532156
295,50,A,K,75.09,905,2.034382322
296,50,A,K,75.09,905,2.034382322
297,50,A,K,75.09,905,2.034382322
298,50,A,K,75.09,905,2.034382322
299,50,A,K,75.09,905,2.034382322
300,50,A,K,75.09,905,2.034382322
301,51,A,K,77.35,934.5,2.210219426
302,51,A,K,77.35,934.5,2.210219426
303,51,A,K,77.35,934.5,2.210219426
304,51,A,K,77.35,934.5,2.210219426
305,51,A,K,77.35,934.5,2.210219426
306,51,A,K,77.35,934.5,2.210219426
307,52,A,K,84.96,960,2.401249383
308,52,A,K,84.96,960,2.401249383
309,52,A,K,84.96,960,2.401249383
310,52,A,K,84.96,960,2.401249383
311,52,A,K,84.96,960,2.401249383
312,52,A,K,84.96,960,2.401249383
313,53,A,K,78.4,986.5,2.608778747
314,53,A,K,78.4,986.5,2.608778747
315,53,A,K,78.4,986.5,2.608778747
316,53,A,K,78.4,986.5,2.608778747
317,53,A,K,78.4,986.5,2.608778747
318,53,A,K,78.4,986.5,2.608778747
319,54,A,K,65.5,1013,2.834219178
320,54,A,K,65.5,1013,2.834219178
321,54,A,K,65.5,1013,2.834219178
322,54,A,K,65.5,1013,2.834219178
323,54,A,K,65.5,1013,2.834219178
324,54,A,K,65.5,1013,2.834219178
325,55,A,K,58.55,1038.5,3.079087298
326,55,A,K,58.55,1038.5,3.079087298
327,55,A,K,58.55,1038.5,3.079087298
328,55,A,K,58.55,1038.5,3.079087298
329,55,A,K,58.55,1038.5,3.079087298
330,55,A,K,58.55,1038.5,3.079087298
331,56,A,K,54.75,1061.5,3.344993663
332,56,A,K,54.75,1061.5,3.344993663
333,56,A,K,54.75,1061.5,3.344993663
334,56,A,K,54.75,1061.5,3.344993663
335,56,A,K,54.75,1061.5,3.344993663
336,56,A,K,54.75,1061.5,3.344993663
337,57,A,K,62.45,1084.5,3.633607129
338,57,A,K,62.45,1084.5,3.633607129
339,57,A,K,62.45,1084.5,3.633607129
340,57,A,K,62.45,1084.5,3.633607129
341,57,A,K,62.45,1084.5,3.633607129
342,57,A,K,62.45,1084.5,3.633607129
343,58,A,K,64.86,1109.5,3.946564686
344,58,A,K,64.86,1109.5,3.946564686
345,58,A,K,64.86,1109.5,3.946564686
346,58,A,K,64.86,1109.5,3.946564686
347,58,A,K,64.86,1109.5,3.946564686
348,58,A,K,64.86,1109.5,3.946564686
349,59,A,K,60.19,1134.5,4.285261958
350,59,A,K,60.19,1134.5,4.285261958
351,59,A,K,60.19,1134.5,4.285261958
352,59,A,K,60.19,1134.5,4.285261958
353,59,A,K,60.19,1134.5,4.285261958
354,59,A,K,60.19,1134.5,4.285261958
355,60,A,K,56.19,1155.5,4.650384795
356,60,A,K,56.19,1155.5,4.650384795
357,60,A,K,56.19,1155.5,4.650384795
358,60,A,K,56.19,1155.5,4.650384795
359,60,A,K,56.19,1155.5,4.650384795
360,60,A,K,56.19,1155.5,4.650384795
361,61,A,K,53.06,1181,5.040885718
362,61,A,K,53.06,1181,5.040885718
363,61,A,K,53.06,1181,5.040885718
364,61,A,K,53.06,1181,5.040885718
365,61,A,K,53.06,1181,5.040885718
366,61,A,K,53.06,1181,5.040885718
367,62,A,K,62.67,1204.5,5.451793484
368,62,A,K,62.67,1204.5,5.451793484
369,62,A,K,62.67,1204.5,5.451793484
370,62,A,K,62.67,1204.5,5.451793484
371,62,A,K,62.67,1204.5,5.451793484
372,62,A,K,62.67,1204.5,5.451793484
373,63,A,K,80.82,1231,5.86966628
374,63,A,K,80.82,1231,5.86966628
375,63,A,K,80.82,1231,5.86966628
376,63,A,K,80.82,1231,5.86966628
377,63,A,K,80.82,1231,5.86966628
378,63,A,K,80.82,1231,5.86966628
379,64,A,K,82.46,1258.5,6.263682625
380,64,A,K,82.46,1258.5,6.263682625
381,64,A,K,82.46,1258.5,6.263682625
382,64,A,K,82.46,1258.5,6.263682625
383,64,A,K,82.46,1258.5,6.263682625
384,64,A,K,82.46,1258.5,6.263682625
385,65,A,K,83.89,1285,6.570229268
386,65,A,K,83.89,1285,6.570229268
387,65,A,K,83.89,1285,6.570229268
388,65,A,K,83.89,1285,6.570229268
389,65,A,K,83.89,1285,6.570229268
390,65,A,K,83.89,1285,6.570229268
391,66,A,K,82.38,1312,6.673637911
392,66,A,K,82.38,1312,6.673637911
393,66,A,K,82.38,1312,6.673637911
394,66,A,K,82.38,1312,6.673637911
395,66,A,K,82.38,1312,6.673637911
396,66,A,K,82.38,1312,6.673637911
397,67,A,K,84.47,1338,6.405798263
398,67,A,K,84.47,1338,6.405798263
399,67,A,K,84.47,1338,6.405798263
400,67,A,K,84.47,1338,6.405798263
401,67,A,K,84.47,1338,6.405798263
402,67,A,K,84.47,1338,6.405798263
403,68,A,K,88.55,1365.5,5.621750099
404,68,A,K,88.55,1365.5,5.621750099
405,68,A,K,88.55,1365.5,5.621750099
406,68,A,K,88.55,1365.5,5.621750099
407,68,A,K,88.55,1365.5,5.621750099
408,68,A,K,88.55,1365.5,5.621750099
409,69,A,K,83.21,1395,4.371488153
410,69,A,K,83.21,1395,4.371488153
411,69,A,K,83.21,1395,4.371488153
412,69,A,K,83.21,1395,4.371488153
413,69,A,K,83.21,1395,4.371488153
414,69,A,K,83.21,1395,4.371488153
415,70,A,K,82.53,1423,2.976659308
416,70,A,K,82.53,1423,2.976659308
417,70,A,K,82.53,1423,2.976659308
418,70,A,K,82.53,1423,2.976659308
419,70,A,K,82.53,1423,2.976659308
420,70,A,K,82.53,1423,2.976659308
421,71,A,K,71.83,1447.5,1.804164857
422,71,A,K,71.83,1447.5,1.804164857
423,71,A,K,71.83,1447.5,1.804164857
424,71,A,K,71.83,1447.5,1.804164857
425,71,A,K,71.83,1447.5,1.804164857
426,71,A,K,71.83,1447.5,1.804164857
427,72,A,K,59.09,1472,1.00590004
428,72,A,K,59.09,1472,1.00590004
429,72,A,K,59.09,1472,1.00590004
430,72,A,K,59.09,1472,1.00590004
431,72,A,K,59.09,1472,1.00590004
432,72,A,K,59.09,1472,1.00590004
433,73,A,K,57.55,1496.5,0.532637652
434,73,A,K,57.55,1496.5,0.532637652
435,73,A,K,57.55,1496.5,0.532637652
436,73,A,K,57.55,1496.5,0.532637652
437,73,A,K,57.55,1496.5,0.532637652
438,73,A,K,57.55,1496.5,0.532637652
439,74,A,K,70.89,1518,0.273995909
440,74,A,K,70.89,1518,0.273995909
441,74,A,K,70.89,1518,0.273995909
442,74,A,K,70.89,1518,0.273995909
443,74,A,K,70.89,1518,0.273995909
444,74,A,K,70.89,1518,0.273995909
445,75,A,K,84.34,1545,0.138800572
446,75,A,K,84.34,1545,0.138800572
447,75,A,K,84.34,1545,0.138800572
448,75,A,K,84.34,1545,0.138800572
449,75,A,K,84.34,1545,0.138800572
450,75,A,K,84.34,1545,0.138800572
451,76,A,K,73.52,1572,0.069760256
452,76,A,K,73.52,1572,0.069760256
453,76,A,K,73.52,1572,0.069760256
454,76,A,K,73.52,1572,0.069760256
455,76,A,K,73.52,1572,0.069760256
456,76,A,K,73.52,1572,0.069760256
457,77,A,K,67.48,1597.5,0.034921014
458,77,A,K,67.48,1597.5,0.034921014
459,77,A,K,67.48,1597.5,0.034921014
460,77,A,K,67.48,1597.5,0.034921014
461,77,A,K,67.48,1597.5,0.034921014
462,77,A,K,67.48,1597.5,0.034921014
463,78,A,K,72.38,1625,0.017445847
464,78,A,K,72.38,1625,0.017445847
465,78,A,K,72.38,1625,0.017445847
466,78,A,K,72.38,1625,0.017445847
467,78,A,K,72.38,1625,0.017445847
468,78,A,K,72.38,1625,0.017445847
469,79,A,K,83.66,1653,0.008706828
470,79,A,K,83.66,1653,0.008706828
471,79,A,K,83.66,1653,0.008706828
472,79,A,K,83.66,1653,0.008706828
473,79,A,K,83.66,1653,0.008706828
474,79,A,K,83.66,1653,0.008706828
475,80,A,K,67.09,1680,0.004343196
476,80,A,K,67.09,1680,0.004343196
477,80,A,K,67.09,1680,0.004343196
478,80,A,K,67.09,1680,0.004343196
479,80,A,K,67.09,1680,0.004343196
480,80,A,K,67.09,1680,0.004343196
481,81,A,K,84.78,1708,0.002165957
482,81,A,K,84.78,1708,0.002165957
483,81,A,K,84.78,1708,0.002165957
484,81,A,K,84.78,1708,0.002165957
485,81,A,K,84.78,1708,0.002165957
486,81,A,K,84.78,1708,0.002165957
487,82,A,K,72.46,1736,0.00108003
488,82,A,K,72.46,1736,0.00108003
489,82,A,K,72.46,1736,0.00108003
490,82,A,K,72.46,1736,0.00108003
491,82,A,K,72.46,1736,0.00108003
492,82,A,K,72.46,1736,0.00108003
493,83,A,K,69.6,1761.5,0.000538511
494,83,A,K,69.6,1761.5,0.000538511
495,83,A,K,69.6,1761.5,0.000538511
496,83,A,K,69.6,1761.5,0.000538511
497,83,A,K,69.6,1761.5,0.000538511
498,83,A,K,69.6,1761.5,0.000538511
499,84,A,K,62.08,1786,0.000268497
500,84,A,K,62.08,1786,0.000268497
501,84,A,K,62.08,1786,0.000268497
502,84,A,K,62.08,1786,0.000268497
503,84,A,K,62.08,1786,0.000268497
504,84,A,K,62.08,1786,0.000268497
505,85,A,K,69.1,1813,0.000133869
506,85,A,K,69.1,1813,0.000133869
507,85,A,K,69.1,1813,0.000133869
508,85,A,K,69.1,1813,0.000133869
509,85,A,K,69.1,1813,0.000133869
510,85,A,K,69.1,1813,0.000133869
511,86,A,K,61.17,1838,6.67E-05
512,86,A,K,61.17,1838,6.67E-05
513,86,A,K,61.17,1838,6.67E-05
514,86,A,K,61.17,1838,6.67E-05
515,86,A,K,61.17,1838,6.67E-05
516,86,A,K,61.17,1838,6.67E-05
517,87,A,K,58.65,1862,3.33E-05
518,87,A,K,58.65,1862,3.33E-05
519,87,A,K,58.65,1862,3.33E-05
520,87,A,K,58.65,1862,3.33E-05
521,87,A,K,58.65,1862,3.33E-05
522,87,A,K,58.65,1862,3.33E-05
523,88,A,K,62.14,1885.5,1.66E-05
524,88,A,K,62.14,1885.5,1.66E-05
525,88,A,K,62.14,1885.5,1.66E-05
526,88,A,K,62.14,1885.5,1.66E-05
527,88,A,K,62.14,1885.5,1.66E-05
528,88,A,K,62.14,1885.5,1.66E-05
529,89,A,K,60.59,1910.5,8.27E-06
530,89,A,K,60.59,1910.5,8.27E-06
531,89,A,K,60.59,1910.5,8.27E-06
532,89,A,K,60.59,1910.5,8.27E-06
533,89,A,K,60.59,1910.5,8.27E-06
534,89,A,K,60.59,1910.5,8.27E-06
535,90,A,K,65.34,1937,4.12E-06
536,90,A,K,65.34,1937,4.12E-06
537,90,A,K,65.34,1937,4.12E-06
538,90,A,K,65.34,1937,4.12E-06
539,90,A,K,65.34,1937,4.12E-06
540,90,A,K,65.34,1937,4.12E-06
541,91,A,K,71.47,1965,2.06E-06
542,91,A,K,71.47,1965,2.06E-06
543,91,A,K,71.47,1965,2.06E-06
544,91,A,K,71.47,1965,2.06E-06
545,91,A,K,71.47,1965,2.06E-06
546,91,A,K,71.47,1965,2.06E-06
547,92,A,K,86.66,1990,1.03E-06
548,92,A,K,86.66,1990,1.03E-06
549,92,A,K,86.66,1990,1.03E-06
550,92,A,K,86.66,1990,1.03E-06
551,92,A,K,86.66,1990,1.03E-06
552,92,A,K,86.66,1990,1.03E-06
553,93,A,K,83.75,2017,5.11E-07
554,93,A,K,83.75,2017,5.11E-07
555,93,A,K,83.75,2017,5.11E-07
556,93,A,K,83.75,2017,5.11E-07
557,93,A,K,83.75,2017,5.11E-07
558,93,A,K,83.75,2017,5.11E-07
559,94,A,K,74.98,2042,2.55E-07
560,94,A,K,74.98,2042,2.55E-07
561,94,A,K,74.98,2042,2.55E-07
562,94,A,K,74.98,2042,2.55E-07
563,94,A,K,74.98,2042,2.55E-07
564,94,A,K,74.98,2042,2.55E-07
565,95,A,K,67.93,2062,1.27E-07
566,95,A,K,67.93,2062,1.27E-07
567,95,A,K,67.93,2062,1.27E-07
568,95,A,K,67.93,2062,1.27E-07
569,95,A,K,67.93,2062,1.27E-07
570,95,A,K,67.93,2062,1.27E-07
571,96,A,K,67.36,2085,6.33E-08
572,96,A,K,67.36,2085,6.33E-08
573,96,A,K,67.36,2085,6.33E-08
574,96,A,K,67.36,2085,6.33E-08
575,96,A,K,67.36,2085,6.33E-08
576,96,A,K,67.36,2085,6.33E-08
577,97,A,K,64.6,2109.5,3.16E-08
578,97,A,K,64.6,2109.5,3.16E-08
579,97,A,K,64.6,2109.5,3.16E-08
580,97,A,K,64.6,2109.5,3.16E-08
581,97,A,K,64.6,2109.5,3.16E-08
582,97,A,K,64.6,2109.5,3.16E-08
583,98,A,K,69.67,2136,1.57E-08
584,98,A,K,69.67,2136,1.57E-08
585,98,A,K,69.67,2136,1.57E-08
586,98,A,K,69.67,2136,1.57E-08
587,98,A,K,69.67,2136,1.57E-08
588,98,A,K,69.67,2136,1.57E-08
589,99,A,K,81.26,2163,7.85E-09
590,99,A,K,81.26,2163,7.85E-09
591,99,A,K,81.26,2163,7.85E-09
592,99,A,K,81.26,2163,7.85E-09
593,99,A,K,81.26,2163,7.85E-09
594,99,A,K,81.26,2163,7.85E-09
595,100,A,K,81.4,2191.5,3.91E-09
596,100,A,K,81.4,2191.5,3.91E-09
597,100,A,K,81.4,2191.5,3.91E-09
598,100,A,K,81.4,2191.5,3.91E-09
599,100,A,K,81.4,2191.5,3.91E-09
600,100,A,K,81.4,2191.5,3.91E-09
601,1,B,K,52.82,8.5,0.120886836
602,1,B,K,52.82,8.5,0.120886836
603,1,B,K,52.82,8.5,0.120886836
604,1,B,K,52.82,8.5,0.120886836
605,1,B,K,52.82,8.5,0.120886836
606,1,B,K,52.82,8.5,0.120886836
607,2,B,K,60.94,22,0.129722082
608,2,B,K,60.94,22,0.129722082
609,2,B,K,60.94,22,0.129722082
610,2,B,K,60.94,22,0.129722082
611,2,B,K,60.94,22,0.129722082
612,2,B,K,60.94,22,0.129722082
613,3,B,K,81.27,38.5,0.139203068
614,3,B,K,81.27,38.5,0.139203068
615,3,B,K,81.27,38.5,0.139203068
616,3,B,K,81.27,38.5,0.139203068
617,3,B,K,81.27,38.5,0.139203068
618,3,B,K,81.27,38.5,0.139203068
619,4,B,K,65.71,58,0.149376991
620,4,B,K,65.71,58,0.149376991
621,4,B,K,65.71,58,0.149376991
622,4,B,K,65.71,58,0.149376991
623,4,B,K,65.71,58,0.149376991
624,4,B,K,65.71,58,0.149376991
625,5,B,K,62.41,75.5,0.160294495
626,5,B,K,62.41,75.5,0.160294495
627,5,B,K,62.41,75.5,0.160294495
628,5,B,K,62.41,75.5,0.160294495
629,5,B,K,62.41,75.5,0.160294495
630,5,B,K,62.41,75.5,0.160294495
631,6,B,K,47.66,91,0.172009925
632,6,B,K,47.66,91,0.172009925
633,6,B,K,47.66,91,0.172009925
634,6,B,K,47.66,91,0.172009925
635,6,B,K,47.66,91,0.172009925
636,6,B,K,47.66,91,0.172009925
637,7,B,K,47.93,104,0.184581599
638,7,B,K,47.93,104,0.184581599
639,7,B,K,47.93,104,0.184581599
640,7,B,K,47.93,104,0.184581599
641,7,B,K,47.93,104,0.184581599
642,7,B,K,47.93,104,0.184581599
643,8,B,K,49.38,122,0.198072099
644,8,B,K,49.38,122,0.198072099
645,8,B,K,49.38,122,0.198072099
646,8,B,K,49.38,122,0.198072099
647,8,B,K,49.38,122,0.198072099
648,8,B,K,49.38,122,0.198072099
649,9,B,K,67.23,133,0.212548578
650,9,B,K,67.23,133,0.212548578
651,9,B,K,67.23,133,0.212548578
652,9,B,K,67.23,133,0.212548578
653,9,B,K,67.23,133,0.212548578
654,9,B,K,67.23,133,0.212548578
655,10,B,K,83.94,145.5,0.228083097
656,10,B,K,83.94,145.5,0.228083097
657,10,B,K,83.94,145.5,0.228083097
658,10,B,K,83.94,145.5,0.228083097
659,10,B,K,83.94,145.5,0.228083097
660,10,B,K,83.94,145.5,0.228083097
661,11,B,K,64.41,161,0.244752987
662,11,B,K,64.41,161,0.244752987
663,11,B,K,64.41,161,0.244752987
664,11,B,K,64.41,161,0.244752987
665,11,B,K,64.41,161,0.244752987
666,11,B,K,64.41,161,0.244752987
667,12,B,K,52.71,164.5,0.262641228
668,12,B,K,52.71,164.5,0.262641228
669,12,B,K,52.71,164.5,0.262641228
670,12,B,K,52.71,164.5,0.262641228
671,12,B,K,52.71,164.5,0.262641228
672,12,B,K,52.71,164.5,0.262641228
673,13,B,K,52.64,170,0.281836865
674,13,B,K,52.64,170,0.281836865
675,13,B,K,52.64,170,0.281836865
676,13,B,K,52.64,170,0.281836865
677,13,B,K,52.64,170,0.281836865
678,13,B,K,52.64,170,0.281836865
679,14,B,K,66.06,173.5,0.302435452
680,14,B,K,66.06,173.5,0.302435452
681,14,B,K,66.06,173.5,0.302435452
682,14,B,K,66.06,173.5,0.302435452
683,14,B,K,66.06,173.5,0.302435452
684,14,B,K,66.06,173.5,0.302435452
685,15,B,K,65.08,177.5,0.324539526
686,15,B,K,65.08,177.5,0.324539526
687,15,B,K,65.08,177.5,0.324539526
688,15,B,K,65.08,177.5,0.324539526
689,15,B,K,65.08,177.5,0.324539526
690,15,B,K,65.08,177.5,0.324539526
691,16,B,K,56,185,0.348259119
692,16,B,K,56,185,0.348259119
693,16,B,K,56,185,0.348259119
694,16,B,K,56,185,0.348259119
695,16,B,K,56,185,0.348259119
696,16,B,K,56,185,0.348259119
697,17,B,K,83.16,192,0.373712303
698,17,B,K,83.16,192,0.373712303
699,17,B,K,83.16,192,0.373712303
700,17,B,K,83.16,192,0.373712303
701,17,B,K,83.16,192,0.373712303
702,17,B,K,83.16,192,0.373712303
703,18,B,K,64.87,203.5,0.401025782
704,18,B,K,64.87,203.5,0.401025782
705,18,B,K,64.87,203.5,0.401025782
706,18,B,K,64.87,203.5,0.401025782
707,18,B,K,64.87,203.5,0.401025782
708,18,B,K,64.87,203.5,0.401025782
709,19,B,K,71.21,226,0.430335519
710,19,B,K,71.21,226,0.430335519
711,19,B,K,71.21,226,0.430335519
712,19,B,K,71.21,226,0.430335519
713,19,B,K,71.21,226,0.430335519
714,19,B,K,71.21,226,0.430335519
715,20,B,K,52.67,248,0.461787415
716,20,B,K,52.67,248,0.461787415
717,20,B,K,52.67,248,0.461787415
718,20,B,K,52.67,248,0.461787415
719,20,B,K,52.67,248,0.461787415
720,20,B,K,52.67,248,0.461787415
721,21,B,K,56.57,269.5,0.495538032
722,21,B,K,56.57,269.5,0.495538032
723,21,B,K,56.57,269.5,0.495538032
724,21,B,K,56.57,269.5,0.495538032
725,21,B,K,56.57,269.5,0.495538032
726,21,B,K,56.57,269.5,0.495538032
727,22,B,K,74.88,291,0.531755378
728,22,B,K,74.88,291,0.531755378
729,22,B,K,74.88,291,0.531755378
730,22,B,K,74.88,291,0.531755378
731,22,B,K,74.88,291,0.531755378
732,22,B,K,74.88,291,0.531755378
733,23,B,K,76.57,313,0.570619738
734,23,B,K,76.57,313,0.570619738
735,23,B,K,76.57,313,0.570619738
736,23,B,K,76.57,313,0.570619738
737,23,B,K,76.57,313,0.570619738
738,23,B,K,76.57,313,0.570619738
739,24,B,K,69.32,331,0.612324574
740,24,B,K,69.32,331,0.612324574
741,24,B,K,69.32,331,0.612324574
742,24,B,K,69.32,331,0.612324574
743,24,B,K,69.32,331,0.612324574
744,24,B,K,69.32,331,0.612324574
745,25,B,K,67.65,344.5,0.657077488
746,25,B,K,67.65,344.5,0.657077488
747,25,B,K,67.65,344.5,0.657077488
748,25,B,K,67.65,344.5,0.657077488
749,25,B,K,67.65,344.5,0.657077488
750,25,B,K,67.65,344.5,0.657077488
751,26,B,K,62.15,362,0.705101255
752,26,B,K,62.15,362,0.705101255
753,26,B,K,62.15,362,0.705101255
754,26,B,K,62.15,362,0.705101255
755,26,B,K,62.15,362,0.705101255
756,26,B,K,62.15,362,0.705101255
757,27,B,K,72.08,380,0.75663493
758,27,B,K,72.08,380,0.75663493
759,27,B,K,72.08,380,0.75663493
760,27,B,K,72.08,380,0.75663493
761,27,B,K,72.08,380,0.75663493
762,27,B,K,72.08,380,0.75663493
763,28,B,K,78.11,401,0.811935043
764,28,B,K,78.11,401,0.811935043
765,28,B,K,78.11,401,0.811935043
766,28,B,K,78.11,401,0.811935043
767,28,B,K,78.11,401,0.811935043
768,28,B,K,78.11,401,0.811935043
769,29,B,K,82.57,415,0.87127687
770,29,B,K,82.57,415,0.87127687
771,29,B,K,82.57,415,0.87127687
772,29,B,K,82.57,415,0.87127687
773,29,B,K,82.57,415,0.87127687
774,29,B,K,82.57,415,0.87127687
775,30,B,K,61.87,427.5,0.934955808
776,30,B,K,61.87,427.5,0.934955808
777,30,B,K,61.87,427.5,0.934955808
778,30,B,K,61.87,427.5,0.934955808
779,30,B,K,61.87,427.5,0.934955808
780,30,B,K,61.87,427.5,0.934955808
781,31,B,K,59.91,446,1.003288844
782,31,B,K,59.91,446,1.003288844
783,31,B,K,59.91,446,1.003288844
784,31,B,K,59.91,446,1.003288844
785,31,B,K,59.91,446,1.003288844
786,31,B,K,59.91,446,1.003288844
787,32,B,K,60.32,465.5,1.07661613
788,32,B,K,60.32,465.5,1.07661613
789,32,B,K,60.32,465.5,1.07661613
790,32,B,K,60.32,465.5,1.07661613
791,32,B,K,60.32,465.5,1.07661613
792,32,B,K,60.32,465.5,1.07661613
793,33,B,K,58.08,482,1.155302681
794,33,B,K,58.08,482,1.155302681
795,33,B,K,58.08,482,1.155302681
796,33,B,K,58.08,482,1.155302681
797,33,B,K,58.08,482,1.155302681
798,33,B,K,58.08,482,1.155302681
799,34,B,K,64.29,502.5,1.23974019
800,34,B,K,64.29,502.5,1.23974019
801,34,B,K,64.29,502.5,1.23974019
802,34,B,K,64.29,502.5,1.23974019
803,34,B,K,64.29,502.5,1.23974019
804,34,B,K,64.29,502.5,1.23974019
805,35,B,K,66.93,523.5,1.330348975
806,35,B,K,66.93,523.5,1.330348975
807,35,B,K,66.93,523.5,1.330348975
808,35,B,K,66.93,523.5,1.330348975
809,35,B,K,66.93,523.5,1.330348975
810,35,B,K,66.93,523.5,1.330348975
811,36,B,K,71.17,547.5,1.427580077
812,36,B,K,71.17,547.5,1.427580077
813,36,B,K,71.17,547.5,1.427580077
814,36,B,K,71.17,547.5,1.427580077
815,36,B,K,71.17,547.5,1.427580077
816,36,B,K,71.17,547.5,1.427580077
817,37,B,K,71.63,573,1.531917501
818,37,B,K,71.63,573,1.531917501
819,37,B,K,71.63,573,1.531917501
820,37,B,K,71.63,573,1.531917501
821,37,B,K,71.63,573,1.531917501
822,37,B,K,71.63,573,1.531917501
823,38,B,K,69.71,599,1.643880625
824,38,B,K,69.71,599,1.643880625
825,38,B,K,69.71,599,1.643880625
826,38,B,K,69.71,599,1.643880625
827,38,B,K,69.71,599,1.643880625
828,38,B,K,69.71,599,1.643880625
829,39,B,K,64.81,626,1.764026788
830,39,B,K,64.81,626,1.764026788
831,39,B,K,64.81,626,1.764026788
832,39,B,K,64.81,626,1.764026788
833,39,B,K,64.81,626,1.764026788
834,39,B,K,64.81,626,1.764026788
835,40,B,K,58.3,650,1.892954063
836,40,B,K,58.3,650,1.892954063
837,40,B,K,58.3,650,1.892954063
838,40,B,K,58.3,650,1.892954063
839,40,B,K,58.3,650,1.892954063
840,40,B,K,58.3,650,1.892954063
841,41,B,K,56.86,673.5,2.031304235
842,41,B,K,56.86,673.5,2.031304235
843,41,B,K,56.86,673.5,2.031304235
844,41,B,K,56.86,673.5,2.031304235
845,41,B,K,56.86,673.5,2.031304235
846,41,B,K,56.86,673.5,2.031304235
847,42,B,K,70.81,697,2.179765995
848,42,B,K,70.81,697,2.179765995
849,42,B,K,70.81,697,2.179765995
850,42,B,K,70.81,697,2.179765995
851,42,B,K,70.81,697,2.179765995
852,42,B,K,70.81,697,2.179765995
853,43,B,K,55.14,722,2.339078366
854,43,B,K,55.14,722,2.339078366
855,43,B,K,55.14,722,2.339078366
856,43,B,K,55.14,722,2.339078366
857,43,B,K,55.14,722,2.339078366
858,43,B,K,55.14,722,2.339078366
859,44,B,K,43.67,747.5,2.510034386
860,44,B,K,43.67,747.5,2.510034386
861,44,B,K,43.67,747.5,2.510034386
862,44,B,K,43.67,747.5,2.510034386
863,44,B,K,43.67,747.5,2.510034386
864,44,B,K,43.67,747.5,2.510034386
865,45,B,K,54.76,774.5,2.693485054
866,45,B,K,54.76,774.5,2.693485054
867,45,B,K,54.76,774.5,2.693485054
868,45,B,K,54.76,774.5,2.693485054
869,45,B,K,54.76,774.5,2.693485054
870,45,B,K,54.76,774.5,2.693485054
871,46,B,K,73.05,799,2.890343561
872,46,B,K,73.05,799,2.890343561
873,46,B,K,73.05,799,2.890343561
874,46,B,K,73.05,799,2.890343561
875,46,B,K,73.05,799,2.890343561
876,46,B,K,73.05,799,2.890343561
877,47,B,K,63.78,823.5,3.101589842
878,47,B,K,63.78,823.5,3.101589842
879,47,B,K,63.78,823.5,3.101589842
880,47,B,K,63.78,823.5,3.101589842
881,47,B,K,63.78,823.5,3.101589842
882,47,B,K,63.78,823.5,3.101589842
883,48,B,K,77.98,850,3.328275438
884,48,B,K,77.98,850,3.328275438
885,48,B,K,77.98,850,3.328275438
886,48,B,K,77.98,850,3.328275438
887,48,B,K,77.98,850,3.328275438
888,48,B,K,77.98,850,3.328275438
889,49,B,K,66.61,876.5,3.571528725
890,49,B,K,66.61,876.5,3.571528725
891,49,B,K,66.61,876.5,3.571528725
892,49,B,K,66.61,876.5,3.571528725
893,49,B,K,66.61,876.5,3.571528725
894,49,B,K,66.61,876.5,3.571528725
895,50,B,K,75.09,905,3.832560481
896,50,B,K,75.09,905,3.832560481
897,50,B,K,75.09,905,3.832560481
898,50,B,K,75.09,905,3.832560481
899,50,B,K,75.09,905,3.832560481
900,50,B,K,75.09,905,3.832560481
901,51,B,K,77.35,934.5,4.112669803
902,51,B,K,77.35,934.5,4.112669803
903,51,B,K,77.35,934.5,4.112669803
904,51,B,K,77.35,934.5,4.112669803
905,51,B,K,77.35,934.5,4.112669803
906,51,B,K,77.35,934.5,4.112669803
907,52,B,K,84.96,960,4.413250267
908,52,B,K,84.96,960,4.413250267
909,52,B,K,84.96,960,4.413250267
910,52,B,K,84.96,960,4.413250267
911,52,B,K,84.96,960,4.413250267
912,52,B,K,84.96,960,4.413250267
913,53,B,K,78.4,986.5,4.735796042
914,53,B,K,78.4,986.5,4.735796042
915,53,B,K,78.4,986.5,4.735796042
916,53,B,K,78.4,986.5,4.735796042
917,53,B,K,78.4,986.5,4.735796042
918,53,B,K,78.4,986.5,4.735796042
919,54,B,K,65.5,1013,5.081907103
920,54,B,K,65.5,1013,5.081907103
921,54,B,K,65.5,1013,5.081907103
922,54,B,K,65.5,1013,5.081907103
923,54,B,K,65.5,1013,5.081907103
924,54,B,K,65.5,1013,5.081907103
925,55,B,K,58.55,1038.5,5.453291223
926,55,B,K,58.55,1038.5,5.453291223
927,55,B,K,58.55,1038.5,5.453291223
928,55,B,K,58.55,1038.5,5.453291223
929,55,B,K,58.55,1038.5,5.453291223
930,55,B,K,58.55,1038.5,5.453291223
931,56,B,K,54.75,1061.5,5.851756359
932,56,B,K,54.75,1061.5,5.851756359
933,56,B,K,54.75,1061.5,5.851756359
934,56,B,K,54.75,1061.5,5.851756359
935,56,B,K,54.75,1061.5,5.851756359
936,56,B,K,54.75,1061.5,5.851756359
937,57,B,K,62.45,1084.5,6.279176286
938,57,B,K,62.45,1084.5,6.279176286
939,57,B,K,62.45,1084.5,6.279176286
940,57,B,K,62.45,1084.5,6.279176286
941,57,B,K,62.45,1084.5,6.279176286
942,57,B,K,62.45,1084.5,6.279176286
943,58,B,K,64.86,1109.5,6.737383158
944,58,B,K,64.86,1109.5,6.737383158
945,58,B,K,64.86,1109.5,6.737383158
946,58,B,K,64.86,1109.5,6.737383158
947,58,B,K,64.86,1109.5,6.737383158
948,58,B,K,64.86,1109.5,6.737383158
949,59,B,K,60.19,1134.5,7.227862494
950,59,B,K,60.19,1134.5,7.227862494
951,59,B,K,60.19,1134.5,7.227862494
952,59,B,K,60.19,1134.5,7.227862494
953,59,B,K,60.19,1134.5,7.227862494
954,59,B,K,60.19,1134.5,7.227862494
955,60,B,K,56.19,1155.5,7.750917004
956,60,B,K,56.19,1155.5,7.750917004
957,60,B,K,56.19,1155.5,7.750917004
958,60,B,K,56.19,1155.5,7.750917004
959,60,B,K,56.19,1155.5,7.750917004
960,60,B,K,56.19,1155.5,7.750917004
961,61,B,K,53.06,1181,8.30341292
962,61,B,K,53.06,1181,8.30341292
963,61,B,K,53.06,1181,8.30341292
964,61,B,K,53.06,1181,8.30341292
965,61,B,K,53.06,1181,8.30341292
966,61,B,K,53.06,1181,8.30341292
967,62,B,K,62.67,1204.5,8.872803709
968,62,B,K,62.67,1204.5,8.872803709
969,62,B,K,62.67,1204.5,8.872803709
970,62,B,K,62.67,1204.5,8.872803709
971,62,B,K,62.67,1204.5,8.872803709
972,62,B,K,62.67,1204.5,8.872803709
973,63,B,K,80.82,1231,9.421762522
974,63,B,K,80.82,1231,9.421762522
975,63,B,K,80.82,1231,9.421762522
976,63,B,K,80.82,1231,9.421762522
977,63,B,K,80.82,1231,9.421762522
978,63,B,K,80.82,1231,9.421762522
979,64,B,K,82.46,1258.5,9.851556291
980,64,B,K,82.46,1258.5,9.851556291
981,64,B,K,82.46,1258.5,9.851556291
982,64,B,K,82.46,1258.5,9.851556291
983,64,B,K,82.46,1258.5,9.851556291
984,64,B,K,82.46,1258.5,9.851556291
985,65,B,K,83.89,1285,9.931429848
986,65,B,K,83.89,1285,9.931429848
987,65,B,K,83.89,1285,9.931429848
988,65,B,K,83.89,1285,9.931429848
989,65,B,K,83.89,1285,9.931429848
990,65,B,K,83.89,1285,9.931429848
991,66,B,K,82.38,1312,9.242163361
992,66,B,K,82.38,1312,9.242163361
993,66,B,K,82.38,1312,9.242163361
994,66,B,K,82.38,1312,9.242163361
995,66,B,K,82.38,1312,9.242163361
996,66,B,K,82.38,1312,9.242163361
997,67,B,K,84.47,1338,7.408946966
998,67,B,K,84.47,1338,7.408946966
999,67,B,K,84.47,1338,7.408946966
1000,67,B,K,84.47,1338,7.408946966
1001,67,B,K,84.47,1338,7.408946966
1002,67,B,K,84.47,1338,7.408946966
1003,68,B,K,88.55,1365.5,4.807520129
1004,68,B,K,88.55,1365.5,4.807520129
1005,68,B,K,88.55,1365.5,4.807520129
1006,68,B,K,88.55,1365.5,4.807520129
1007,68,B,K,88.55,1365.5,4.807520129
1008,68,B,K,88.55,1365.5,4.807520129
1009,69,B,K,83.21,1395,2.531880848
1010,69,B,K,83.21,1395,2.531880848
1011,69,B,K,83.21,1395,2.531880848
1012,69,B,K,83.21,1395,2.531880848
1013,69,B,K,83.21,1395,2.531880848
1014,69,B,K,83.21,1395,2.531880848
1015,70,B,K,82.53,1423,1.154568893
1016,70,B,K,82.53,1423,1.154568893
1017,70,B,K,82.53,1423,1.154568893
1018,70,B,K,82.53,1423,1.154568893
1019,70,B,K,82.53,1423,1.154568893
1020,70,B,K,82.53,1423,1.154568893
1021,71,B,K,71.83,1447.5,0.487898471
1022,71,B,K,71.83,1447.5,0.487898471
1023,71,B,K,71.83,1447.5,0.487898471
1024,71,B,K,71.83,1447.5,0.487898471
1025,71,B,K,71.83,1447.5,0.487898471
1026,71,B,K,71.83,1447.5,0.487898471
1027,72,B,K,59.09,1472,0.199182945
1028,72,B,K,59.09,1472,0.199182945
1029,72,B,K,59.09,1472,0.199182945
1030,72,B,K,59.09,1472,0.199182945
1031,72,B,K,59.09,1472,0.199182945
1032,72,B,K,59.09,1472,0.199182945
1033,73,B,K,57.55,1496.5,0.080143562
1034,73,B,K,57.55,1496.5,0.080143562
1035,73,B,K,57.55,1496.5,0.080143562
1036,73,B,K,57.55,1496.5,0.080143562
1037,73,B,K,57.55,1496.5,0.080143562
1038,73,B,K,57.55,1496.5,0.080143562
1039,74,B,K,70.89,1518,0.032056486
1040,74,B,K,70.89,1518,0.032056486
1041,74,B,K,70.89,1518,0.032056486
1042,74,B,K,70.89,1518,0.032056486
1043,74,B,K,70.89,1518,0.032056486
1044,74,B,K,70.89,1518,0.032056486
1045,75,B,K,84.34,1545,0.012791761
1046,75,B,K,84.34,1545,0.012791761
1047,75,B,K,84.34,1545,0.012791761
1048,75,B,K,84.34,1545,0.012791761
1049,75,B,K,84.34,1545,0.012791761
1050,75,B,K,84.34,1545,0.012791761
1051,76,B,K,73.52,1572,0.005099549
1052,76,B,K,73.52,1572,0.005099549
1053,76,B,K,73.52,1572,0.005099549
1054,76,B,K,73.52,1572,0.005099549
1055,76,B,K,73.52,1572,0.005099549
1056,76,B,K,73.52,1572,0.005099549
1057,77,B,K,67.48,1597.5,0.002032209
1058,77,B,K,67.48,1597.5,0.002032209
1059,77,B,K,67.48,1597.5,0.002032209
1060,77,B,K,67.48,1597.5,0.002032209
1061,77,B,K,67.48,1597.5,0.002032209
1062,77,B,K,67.48,1597.5,0.002032209
1063,78,B,K,72.38,1625,0.000809728
1064,78,B,K,72.38,1625,0.000809728
1065,78,B,K,72.38,1625,0.000809728
1066,78,B,K,72.38,1625,0.000809728
1067,78,B,K,72.38,1625,0.000809728
1068,78,B,K,72.38,1625,0.000809728
1069,79,B,K,83.66,1653,0.000322615
1070,79,B,K,83.66,1653,0.000322615
1071,79,B,K,83.66,1653,0.000322615
1072,79,B,K,83.66,1653,0.000322615
1073,79,B,K,83.66,1653,0.000322615
1074,79,B,K,83.66,1653,0.000322615
1075,80,B,K,67.09,1680,0.000128534
1076,80,B,K,67.09,1680,0.000128534
1077,80,B,K,67.09,1680,0.000128534
1078,80,B,K,67.09,1680,0.000128534
1079,80,B,K,67.09,1680,0.000128534
1080,80,B,K,67.09,1680,0.000128534
1081,81,B,K,84.78,1708,5.12E-05
1082,81,B,K,84.78,1708,5.12E-05
1083,81,B,K,84.78,1708,5.12E-05
1084,81,B,K,84.78,1708,5.12E-05
1085,81,B,K,84.78,1708,5.12E-05
1086,81,B,K,84.78,1708,5.12E-05
1087,82,B,K,72.46,1736,2.04E-05
1088,82,B,K,72.46,1736,2.04E-05
1089,82,B,K,72.46,1736,2.04E-05
1090,82,B,K,72.46,1736,2.04E-05
1091,82,B,K,72.46,1736,2.04E-05
1092,82,B,K,72.46,1736,2.04E-05
1093,83,B,K,69.6,1761.5,8.13E-06
1094,83,B,K,69.6,1761.5,8.13E-06
1095,83,B,K,69.6,1761.5,8.13E-06
1096,83,B,K,69.6,1761.5,8.13E-06
1097,83,B,K,69.6,1761.5,8.13E-06
1098,83,B,K,69.6,1761.5,8.13E-06
1099,84,B,K,62.08,1786,3.24E-06
1100,84,B,K,62.08,1786,3.24E-06
1101,84,B,K,62.08,1786,3.24E-06
1102,84,B,K,62.08,1786,3.24E-06
1103,84,B,K,62.08,1786,3.24E-06
1104,84,B,K,62.08,1786,3.24E-06
1105,85,B,K,69.1,1813,1.29E-06
1106,85,B,K,69.1,1813,1.29E-06
1107,85,B,K,69.1,1813,1.29E-06
1108,85,B,K,69.1,1813,1.29E-06
1109,85,B,K,69.1,1813,1.29E-06
1110,85,B,K,69.1,1813,1.29E-06
1111,86,B,K,61.17,1838,5.14E-07
1112,86,B,K,61.17,1838,5.14E-07
1113,86,B,K,61.17,1838,5.14E-07
1114,86,B,K,61.17,1838,5.14E-07
1115,86,B,K,61.17,1838,5.14E-07
1116,86,B,K,61.17,1838,5.14E-07
1117,87,B,K,58.65,1862,2.05E-07
1118,87,B,K,58.65,1862,2.05E-07
1119,87,B,K,58.65,1862,2.05E-07
1120,87,B,K,58.65,1862,2.05E-07
1121,87,B,K,58.65,1862,2.05E-07
1122,87,B,K,58.65,1862,2.05E-07
1123,88,B,K,62.14,1885.5,8.16E-08
1124,88,B,K,62.14,1885.5,8.16E-08
1125,88,B,K,62.14,1885.5,8.16E-08
1126,88,B,K,62.14,1885.5,8.16E-08
1127,88,B,K,62.14,1885.5,8.16E-08
1128,88,B,K,62.14,1885.5,8.16E-08
1129,89,B,K,60.59,1910.5,3.25E-08
1130,89,B,K,60.59,1910.5,3.25E-08
1131,89,B,K,60.59,1910.5,3.25E-08
1132,89,B,K,60.59,1910.5,3.25E-08
1133,89,B,K,60.59,1910.5,3.25E-08
1134,89,B,K,60.59,1910.5,3.25E-08
1135,90,B,K,65.34,1937,1.30E-08
1136,90,B,K,65.34,1937,1.30E-08
1137,90,B,K,65.34,1937,1.30E-08
1138,90,B,K,65.34,1937,1.30E-08
1139,90,B,K,65.34,1937,1.30E-08
1140,90,B,K,65.34,1937,1.30E-08
1141,91,B,K,71.47,1965,5.16E-09
1142,91,B,K,71.47,1965,5.16E-09
1143,91,B,K,71.47,1965,5.16E-09
1144,91,B,K,71.47,1965,5.16E-09
1145,91,B,K,71.47,1965,5.16E-09
1146,91,B,K,71.47,1965,5.16E-09
1147,92,B,K,86.66,1990,2.06E-09
1148,92,B,K,86.66,1990,2.06E-09
1149,92,B,K,86.66,1990,2.06E-09
1150,92,B,K,86.66,1990,2.06E-09
1151,92,B,K,86.66,1990,2.06E-09
1152,92,B,K,86.66,1990,2.06E-09
1153,93,B,K,83.75,2017,8.19E-10
1154,93,B,K,83.75,2017,8.19E-10
1155,93,B,K,83.75,2017,8.19E-10
1156,93,B,K,83.75,2017,8.19E-10
1157,93,B,K,83.75,2017,8.19E-10
1158,93,B,K,83.75,2017,8.19E-10
1159,94,B,K,74.98,2042,3.26E-10
1160,94,B,K,74.98,2042,3.26E-10
1161,94,B,K,74.98,2042,3.26E-10
1162,94,B,K,74.98,2042,3.26E-10
1163,94,B,K,74.98,2042,3.26E-10
1164,94,B,K,74.98,2042,3.26E-10
1165,95,B,K,67.93,2062,1.30E-10
1166,95,B,K,67.93,2062,1.30E-10
1167,95,B,K,67.93,2062,1.30E-10
1168,95,B,K,67.93,2062,1.30E-10
1169,95,B,K,67.93,2062,1.30E-10
1170,95,B,K,67.93,2062,1.30E-10
1171,96,B,K,67.36,2085,5.18E-11
1172,96,B,K,67.36,2085,5.18E-11
1173,96,B,K,67.36,2085,5.18E-11
1174,96,B,K,67.36,2085,5.18E-11
1175,96,B,K,67.36,2085,5.18E-11
1176,96,B,K,67.36,2085,5.18E-11
1177,97,B,K,64.6,2109.5,2.06E-11
1178,97,B,K,64.6,2109.5,2.06E-11
1179,97,B,K,64.6,2109.5,2.06E-11
1180,97,B,K,64.6,2109.5,2.06E-11
1181,97,B,K,64.6,2109.5,2.06E-11
1182,97,B,K,64.6,2109.5,2.06E-11
1183,98,B,K,69.67,2136,8.22E-12
1184,98,B,K,69.67,2136,8.22E-12
1185,98,B,K,69.67,2136,8.22E-12
1186,98,B,K,69.67,2136,8.22E-12
1187,98,B,K,69.67,2136,8.22E-12
1188,98,B,K,69.67,2136,8.22E-12
1189,99,B,K,81.26,2163,3.28E-12
1190,99,B,K,81.26,2163,3.28E-12
1191,99,B,K,81.26,2163,3.28E-12
1192,99,B,K,81.26,2163,3.28E-12
1193,99,B,K,81.26,2163,3.28E-12
1194,99,B,K,81.26,2163,3.28E-12
1195,100,B,K,81.4,2191.5,1.30E-12
1196,100,B,K,81.4,2191.5,1.30E-12
1197,100,B,K,81.4,2191.5,1.30E-12
1198,100,B,K,81.4,2191.5,1.30E-12
1199,100,B,K,81.4,2191.5,1.30E-12
1200,100,B,K,81.4,2191.5,1.30E-12
1201,1,A,N,47.16,10.5,0.00763376
1202,1,A,N,47.16,10.5,0.00763376
1203,1,A,N,47.16,10.5,0.00763376
1204,1,A,N,47.16,10.5,0.00763376
1205,1,A,N,47.16,10.5,0.00763376
1206,1,A,N,47.16,10.5,0.00763376
1207,2,A,N,24.09,18,0.00825964
1208,2,A,N,24.09,18,0.00825964
1209,2,A,N,24.09,18,0.00825964
1210,2,A,N,24.09,18,0.00825964
1211,2,A,N,24.09,18,0.00825964
1212,2,A,N,24.09,18,0.00825964
1213,3,A,N,25.03,24.5,0.008936836
1214,3,A,N,25.03,24.5,0.008936836
1215,3,A,N,25.03,24.5,0.008936836
1216,3,A,N,25.03,24.5,0.008936836
1217,3,A,N,25.03,24.5,0.008936836
1218,3,A,N,25.03,24.5,0.008936836
1219,4,A,N,18.08,35.5,0.009669553
1220,4,A,N,18.08,35.5,0.009669553
1221,4,A,N,18.08,35.5,0.009669553
1222,4,A,N,18.08,35.5,0.009669553
1223,4,A,N,18.08,35.5,0.009669553
1224,4,A,N,18.08,35.5,0.009669553
1225,5,A,N,11.61,39,0.010462345
1226,5,A,N,11.61,39,0.010462345
1227,5,A,N,11.61,39,0.010462345
1228,5,A,N,11.61,39,0.010462345
1229,5,A,N,11.61,39,0.010462345
1230,5,A,N,11.61,39,0.010462345
1231,6,A,N,12.41,39.5,0.011320137
1232,6,A,N,12.41,39.5,0.011320137
1233,6,A,N,12.41,39.5,0.011320137
1234,6,A,N,12.41,39.5,0.011320137
1235,6,A,N,12.41,39.5,0.011320137
1236,6,A,N,12.41,39.5,0.011320137
1237,7,A,N,22.08,40,0.012248258
1238,7,A,N,22.08,40,0.012248258
1239,7,A,N,22.08,40,0.012248258
1240,7,A,N,22.08,40,0.012248258
1241,7,A,N,22.08,40,0.012248258
1242,7,A,N,22.08,40,0.012248258
1243,8,A,N,25.82,40,0.013252474
1244,8,A,N,25.82,40,0.013252474
1245,8,A,N,25.82,40,0.013252474
1246,8,A,N,25.82,40,0.013252474
1247,8,A,N,25.82,40,0.013252474
1248,8,A,N,25.82,40,0.013252474
1249,9,A,N,36.49,48,0.014339024
1250,9,A,N,36.49,48,0.014339024
1251,9,A,N,36.49,48,0.014339024
1252,9,A,N,36.49,48,0.014339024
1253,9,A,N,36.49,48,0.014339024
1254,9,A,N,36.49,48,0.014339024
1255,10,A,N,49.7,55.5,0.015514658
1256,10,A,N,49.7,55.5,0.015514658
1257,10,A,N,49.7,55.5,0.015514658
1258,10,A,N,49.7,55.5,0.015514658
1259,10,A,N,49.7,55.5,0.015514658
1260,10,A,N,49.7,55.5,0.015514658
1261,11,A,N,62.33,66,0.016786682
1262,11,A,N,62.33,66,0.016786682
1263,11,A,N,62.33,66,0.016786682
1264,11,A,N,62.33,66,0.016786682
1265,11,A,N,62.33,66,0.016786682
1266,11,A,N,62.33,66,0.016786682
1267,12,A,N,54.51,76,0.018162996
1268,12,A,N,54.51,76,0.018162996
1269,12,A,N,54.51,76,0.018162996
1270,12,A,N,54.51,76,0.018162996
1271,12,A,N,54.51,76,0.018162996
1272,12,A,N,54.51,76,0.018162996
1273,13,A,N,33.4,87,0.019652153
1274,13,A,N,33.4,87,0.019652153
1275,13,A,N,33.4,87,0.019652153
1276,13,A,N,33.4,87,0.019652153
1277,13,A,N,33.4,87,0.019652153
1278,13,A,N,33.4,87,0.019652153
1279,14,A,N,23.98,106.5,0.021263403
1280,14,A,N,23.98,106.5,0.021263403
1281,14,A,N,23.98,106.5,0.021263403
1282,14,A,N,23.98,106.5,0.021263403
1283,14,A,N,23.98,106.5,0.021263403
1284,14,A,N,23.98,106.5,0.021263403
1285,15,A,N,18.23,120,0.023006757
1286,15,A,N,18.23,120,0.023006757
1287,15,A,N,18.23,120,0.023006757
1288,15,A,N,18.23,120,0.023006757
1289,15,A,N,18.23,120,0.023006757
1290,15,A,N,18.23,120,0.023006757
1291,16,A,N,19.57,135,0.024893046
1292,16,A,N,19.57,135,0.024893046
1293,16,A,N,19.57,135,0.024893046
1294,16,A,N,19.57,135,0.024893046
1295,16,A,N,19.57,135,0.024893046
1296,16,A,N,19.57,135,0.024893046
1297,17,A,N,22.98,149.5,0.026933988
1298,17,A,N,22.98,149.5,0.026933988
1299,17,A,N,22.98,149.5,0.026933988
1300,17,A,N,22.98,149.5,0.026933988
1301,17,A,N,22.98,149.5,0.026933988
1302,17,A,N,22.98,149.5,0.026933988
1303,18,A,N,16.24,163,0.029142265
1304,18,A,N,16.24,163,0.029142265
1305,18,A,N,16.24,163,0.029142265
1306,18,A,N,16.24,163,0.029142265
1307,18,A,N,16.24,163,0.029142265
1308,18,A,N,16.24,163,0.029142265
1309,19,A,N,17.64,168,0.031531595
1310,19,A,N,17.64,168,0.031531595
1311,19,A,N,17.64,168,0.031531595
1312,19,A,N,17.64,168,0.031531595
1313,19,A,N,17.64,168,0.031531595
1314,19,A,N,17.64,168,0.031531595
1315,20,A,N,22.67,182.5,0.034116823
1316,20,A,N,22.67,182.5,0.034116823
1317,20,A,N,22.67,182.5,0.034116823
1318,20,A,N,22.67,182.5,0.034116823
1319,20,A,N,22.67,182.5,0.034116823
1320,20,A,N,22.67,182.5,0.034116823
1321,21,A,N,44,199,0.036914009
1322,21,A,N,44,199,0.036914009
1323,21,A,N,44,199,0.036914009
1324,21,A,N,44,199,0.036914009
1325,21,A,N,44,199,0.036914009
1326,21,A,N,44,199,0.036914009
1327,22,A,N,42.98,216,0.039940532
1328,22,A,N,42.98,216,0.039940532
1329,22,A,N,42.98,216,0.039940532
1330,22,A,N,42.98,216,0.039940532
1331,22,A,N,42.98,216,0.039940532
1332,22,A,N,42.98,216,0.039940532
1333,23,A,N,38.09,225.5,0.043215196
1334,23,A,N,38.09,225.5,0.043215196
1335,23,A,N,38.09,225.5,0.043215196
1336,23,A,N,38.09,225.5,0.043215196
1337,23,A,N,38.09,225.5,0.043215196
1338,23,A,N,38.09,225.5,0.043215196
1339,24,A,N,30.83,238,0.046758344
1340,24,A,N,30.83,238,0.046758344
1341,24,A,N,30.83,238,0.046758344
1342,24,A,N,30.83,238,0.046758344
1343,24,A,N,30.83,238,0.046758344
1344,24,A,N,30.83,238,0.046758344
1345,25,A,N,31.87,258.5,0.050591989
1346,25,A,N,31.87,258.5,0.050591989
1347,25,A,N,31.87,258.5,0.050591989
1348,25,A,N,31.87,258.5,0.050591989
1349,25,A,N,31.87,258.5,0.050591989
1350,25,A,N,31.87,258.5,0.050591989
1351,26,A,N,26.34,276.5,0.05473995
1352,26,A,N,26.34,276.5,0.05473995
1353,26,A,N,26.34,276.5,0.05473995
1354,26,A,N,26.34,276.5,0.05473995
1355,26,A,N,26.34,276.5,0.05473995
1356,26,A,N,26.34,276.5,0.05473995
1357,27,A,N,38.66,291.5,0.059227995
1358,27,A,N,38.66,291.5,0.059227995
1359,27,A,N,38.66,291.5,0.059227995
1360,27,A,N,38.66,291.5,0.059227995
1361,27,A,N,38.66,291.5,0.059227995
1362,27,A,N,38.66,291.5,0.059227995
1363,28,A,N,39.71,308.5,0.064084008
1364,28,A,N,39.71,308.5,0.064084008
1365,28,A,N,39.71,308.5,0.064084008
1366,28,A,N,39.71,308.5,0.064084008
1367,28,A,N,39.71,308.5,0.064084008
1368,28,A,N,39.71,308.5,0.064084008
1369,29,A,N,28.26,328,0.069338158
1370,29,A,N,28.26,328,0.069338158
1371,29,A,N,28.26,328,0.069338158
1372,29,A,N,28.26,328,0.069338158
1373,29,A,N,28.26,328,0.069338158
1374,29,A,N,28.26,328,0.069338158
1375,30,A,N,23.72,346.5,0.075023088
1376,30,A,N,23.72,346.5,0.075023088
1377,30,A,N,23.72,346.5,0.075023088
1378,30,A,N,23.72,346.5,0.075023088
1379,30,A,N,23.72,346.5,0.075023088
1380,30,A,N,23.72,346.5,0.075023088
1381,31,A,N,31.29,370.5,0.081174117
1382,31,A,N,31.29,370.5,0.081174117
1383,31,A,N,31.29,370.5,0.081174117
1384,31,A,N,31.29,370.5,0.081174117
1385,31,A,N,31.29,370.5,0.081174117
1386,31,A,N,31.29,370.5,0.081174117
1387,32,A,N,30.2,394.5,0.087829459
1388,32,A,N,30.2,394.5,0.087829459
1389,32,A,N,30.2,394.5,0.087829459
1390,32,A,N,30.2,394.5,0.087829459
1391,32,A,N,30.2,394.5,0.087829459
1392,32,A,N,30.2,394.5,0.087829459
1393,33,A,N,22.76,418.5,0.095030463
1394,33,A,N,22.76,418.5,0.095030463
1395,33,A,N,22.76,418.5,0.095030463
1396,33,A,N,22.76,418.5,0.095030463
1397,33,A,N,22.76,418.5,0.095030463
1398,33,A,N,22.76,418.5,0.095030463
1399,34,A,N,25.39,446,0.102821866
1400,34,A,N,25.39,446,0.102821866
1401,34,A,N,25.39,446,0.102821866
1402,34,A,N,25.39,446,0.102821866
1403,34,A,N,25.39,446,0.102821866
1404,34,A,N,25.39,446,0.102821866
1405,35,A,N,29.93,470,0.111252074
1406,35,A,N,29.93,470,0.111252074
1407,35,A,N,29.93,470,0.111252074
1408,35,A,N,29.93,470,0.111252074
1409,35,A,N,29.93,470,0.111252074
1410,35,A,N,29.93,470,0.111252074
1411,36,A,N,19.87,493,0.120373462
1412,36,A,N,19.87,493,0.120373462
1413,36,A,N,19.87,493,0.120373462
1414,36,A,N,19.87,493,0.120373462
1415,36,A,N,19.87,493,0.120373462
1416,36,A,N,19.87,493,0.120373462
1417,37,A,N,13.52,515,0.130242699
1418,37,A,N,13.52,515,0.130242699
1419,37,A,N,13.52,515,0.130242699
1420,37,A,N,13.52,515,0.130242699
1421,37,A,N,13.52,515,0.130242699
1422,37,A,N,13.52,515,0.130242699
1423,38,A,N,18.98,537.5,0.1409211
1424,38,A,N,18.98,537.5,0.1409211
1425,38,A,N,18.98,537.5,0.1409211
1426,38,A,N,18.98,537.5,0.1409211
1427,38,A,N,18.98,537.5,0.1409211
1428,38,A,N,18.98,537.5,0.1409211
1429,39,A,N,25.97,562.5,0.152475006
1430,39,A,N,25.97,562.5,0.152475006
1431,39,A,N,25.97,562.5,0.152475006
1432,39,A,N,25.97,562.5,0.152475006
1433,39,A,N,25.97,562.5,0.152475006
1434,39,A,N,25.97,562.5,0.152475006
1435,40,A,N,27.61,586,0.1649762
1436,40,A,N,27.61,586,0.1649762
1437,40,A,N,27.61,586,0.1649762
1438,40,A,N,27.61,586,0.1649762
1439,40,A,N,27.61,586,0.1649762
1440,40,A,N,27.61,586,0.1649762
1441,41,A,N,27.26,609.5,0.178502347
1442,41,A,N,27.26,609.5,0.178502347
1443,41,A,N,27.26,609.5,0.178502347
1444,41,A,N,27.26,609.5,0.178502347
1445,41,A,N,27.26,609.5,0.178502347
1446,41,A,N,27.26,609.5,0.178502347
1447,42,A,N,22.38,634,0.193137483
1448,42,A,N,22.38,634,0.193137483
1449,42,A,N,22.38,634,0.193137483
1450,42,A,N,22.38,634,0.193137483
1451,42,A,N,22.38,634,0.193137483
1452,42,A,N,22.38,634,0.193137483
1453,43,A,N,17.79,655,0.208972531
1454,43,A,N,17.79,655,0.208972531
1455,43,A,N,17.79,655,0.208972531
1456,43,A,N,17.79,655,0.208972531
1457,43,A,N,17.79,655,0.208972531
1458,43,A,N,17.79,655,0.208972531
1459,44,A,N,19.52,678.5,0.226105871
1460,44,A,N,19.52,678.5,0.226105871
1461,44,A,N,19.52,678.5,0.226105871
1462,44,A,N,19.52,678.5,0.226105871
1463,44,A,N,19.52,678.5,0.226105871
1464,44,A,N,19.52,678.5,0.226105871
1465,45,A,N,20.22,703.5,0.244643947
1466,45,A,N,20.22,703.5,0.244643947
1467,45,A,N,20.22,703.5,0.244643947
1468,45,A,N,20.22,703.5,0.244643947
1469,45,A,N,20.22,703.5,0.244643947
1470,45,A,N,20.22,703.5,0.244643947
1471,46,A,N,34.51,728.5,0.264701932
1472,46,A,N,34.51,728.5,0.264701932
1473,46,A,N,34.51,728.5,0.264701932
1474,46,A,N,34.51,728.5,0.264701932
1475,46,A,N,34.51,728.5,0.264701932
1476,46,A,N,34.51,728.5,0.264701932
1477,47,A,N,32.71,754,0.28640444
1478,47,A,N,32.71,754,0.28640444
1479,47,A,N,32.71,754,0.28640444
1480,47,A,N,32.71,754,0.28640444
1481,47,A,N,32.71,754,0.28640444
1482,47,A,N,32.71,754,0.28640444
1483,48,A,N,22.97,774.5,0.309886305
1484,48,A,N,22.97,774.5,0.309886305
1485,48,A,N,22.97,774.5,0.309886305
1486,48,A,N,22.97,774.5,0.309886305
1487,48,A,N,22.97,774.5,0.309886305
1488,48,A,N,22.97,774.5,0.309886305
1489,49,A,N,17.63,796,0.335293411
1490,49,A,N,17.63,796,0.335293411
1491,49,A,N,17.63,796,0.335293411
1492,49,A,N,17.63,796,0.335293411
1493,49,A,N,17.63,796,0.335293411
1494,49,A,N,17.63,796,0.335293411
1495,50,A,N,15.13,820.5,0.362783607
1496,50,A,N,15.13,820.5,0.362783607
1497,50,A,N,15.13,820.5,0.362783607
1498,50,A,N,15.13,820.5,0.362783607
1499,50,A,N,15.13,820.5,0.362783607
1500,50,A,N,15.13,820.5,0.362783607
1501,51,A,N,23.6,841.5,0.392527683
1502,51,A,N,23.6,841.5,0.392527683
1503,51,A,N,23.6,841.5,0.392527683
1504,51,A,N,23.6,841.5,0.392527683
1505,51,A,N,23.6,841.5,0.392527683
1506,51,A,N,23.6,841.5,0.392527683
1507,52,A,N,23.46,863.5,0.42471043
1508,52,A,N,23.46,863.5,0.42471043
1509,52,A,N,23.46,863.5,0.42471043
1510,52,A,N,23.46,863.5,0.42471043
1511,52,A,N,23.46,863.5,0.42471043
1512,52,A,N,23.46,863.5,0.42471043
1513,53,A,N,16.24,885,0.459531792
1514,53,A,N,16.24,885,0.459531792
1515,53,A,N,16.24,885,0.459531792
1516,53,A,N,16.24,885,0.459531792
1517,53,A,N,16.24,885,0.459531792
1518,53,A,N,16.24,885,0.459531792
1519,54,A,N,14.25,904,0.497208104
1520,54,A,N,14.25,904,0.497208104
1521,54,A,N,14.25,904,0.497208104
1522,54,A,N,14.25,904,0.497208104
1523,54,A,N,14.25,904,0.497208104
1524,54,A,N,14.25,904,0.497208104
1525,55,A,N,20.88,915.5,0.537973439
1526,55,A,N,20.88,915.5,0.537973439
1527,55,A,N,20.88,915.5,0.537973439
1528,55,A,N,20.88,915.5,0.537973439
1529,55,A,N,20.88,915.5,0.537973439
1530,55,A,N,20.88,915.5,0.537973439
1531,56,A,N,35.44,935.5,0.582081063
1532,56,A,N,35.44,935.5,0.582081063
1533,56,A,N,35.44,935.5,0.582081063
1534,56,A,N,35.44,935.5,0.582081063
1535,56,A,N,35.44,935.5,0.582081063
1536,56,A,N,35.44,935.5,0.582081063
1537,57,A,N,33.51,960,0.629805003
1538,57,A,N,33.51,960,0.629805003
1539,57,A,N,33.51,960,0.629805003
1540,57,A,N,33.51,960,0.629805003
1541,57,A,N,33.51,960,0.629805003
1542,57,A,N,33.51,960,0.629805003
1543,58,A,N,34.06,983.5,0.681441756
1544,58,A,N,34.06,983.5,0.681441756
1545,58,A,N,34.06,983.5,0.681441756
1546,58,A,N,34.06,983.5,0.681441756
1547,58,A,N,34.06,983.5,0.681441756
1548,58,A,N,34.06,983.5,0.681441756
1549,59,A,N,36.56,1007,0.737312129
1550,59,A,N,36.56,1007,0.737312129
1551,59,A,N,36.56,1007,0.737312129
1552,59,A,N,36.56,1007,0.737312129
1553,59,A,N,36.56,1007,0.737312129
1554,59,A,N,36.56,1007,0.737312129
1555,60,A,N,64.53,1030.5,0.797763228
1556,60,A,N,64.53,1030.5,0.797763228
1557,60,A,N,64.53,1030.5,0.797763228
1558,60,A,N,64.53,1030.5,0.797763228
1559,60,A,N,64.53,1030.5,0.797763228
1560,60,A,N,64.53,1030.5,0.797763228
1561,61,A,N,47.71,1054,0.86317062
1562,61,A,N,47.71,1054,0.86317062
1563,61,A,N,47.71,1054,0.86317062
1564,61,A,N,47.71,1054,0.86317062
1565,61,A,N,47.71,1054,0.86317062
1566,61,A,N,47.71,1054,0.86317062
1567,62,A,N,32.35,1079.5,0.933940666
1568,62,A,N,32.35,1079.5,0.933940666
1569,62,A,N,32.35,1079.5,0.933940666
1570,62,A,N,32.35,1079.5,0.933940666
1571,62,A,N,32.35,1079.5,0.933940666
1572,62,A,N,32.35,1079.5,0.933940666
1573,63,A,N,32.18,1105,1.010513039
1574,63,A,N,32.18,1105,1.010513039
1575,63,A,N,32.18,1105,1.010513039
1576,63,A,N,32.18,1105,1.010513039
1577,63,A,N,32.18,1105,1.010513039
1578,63,A,N,32.18,1105,1.010513039
1579,64,A,N,33.05,1127,1.093363465
1580,64,A,N,33.05,1127,1.093363465
1581,64,A,N,33.05,1127,1.093363465
1582,64,A,N,33.05,1127,1.093363465
1583,64,A,N,33.05,1127,1.093363465
1584,64,A,N,33.05,1127,1.093363465
1585,65,A,N,25.23,1149,1.183006671
1586,65,A,N,25.23,1149,1.183006671
1587,65,A,N,25.23,1149,1.183006671
1588,65,A,N,25.23,1149,1.183006671
1589,65,A,N,25.23,1149,1.183006671
1590,65,A,N,25.23,1149,1.183006671
1591,66,A,N,30.45,1174,1.279999587
1592,66,A,N,30.45,1174,1.279999587
1593,66,A,N,30.45,1174,1.279999587
1594,66,A,N,30.45,1174,1.279999587
1595,66,A,N,30.45,1174,1.279999587
1596,66,A,N,30.45,1174,1.279999587
1597,67,A,N,24.14,1198,1.384944805
1598,67,A,N,24.14,1198,1.384944805
1599,67,A,N,24.14,1198,1.384944805
1600,67,A,N,24.14,1198,1.384944805
1601,67,A,N,24.14,1198,1.384944805
1602,67,A,N,24.14,1198,1.384944805
1603,68,A,N,28.11,1217,1.498494321
1604,68,A,N,28.11,1217,1.498494321
1605,68,A,N,28.11,1217,1.498494321
1606,68,A,N,28.11,1217,1.498494321
1607,68,A,N,28.11,1217,1.498494321
1608,68,A,N,28.11,1217,1.498494321
1609,69,A,N,32.72,1240,1.621353589
1610,69,A,N,32.72,1240,1.621353589
1611,69,A,N,32.72,1240,1.621353589
1612,69,A,N,32.72,1240,1.621353589
1613,69,A,N,32.72,1240,1.621353589
1614,69,A,N,32.72,1240,1.621353589
1615,70,A,N,26.98,1265.5,1.754285901
1616,70,A,N,26.98,1265.5,1.754285901
1617,70,A,N,26.98,1265.5,1.754285901
1618,70,A,N,26.98,1265.5,1.754285901
1619,70,A,N,26.98,1265.5,1.754285901
1620,70,A,N,26.98,1265.5,1.754285901
1621,71,A,N,29.19,1290.5,1.89811713
1622,71,A,N,29.19,1290.5,1.89811713
1623,71,A,N,29.19,1290.5,1.89811713
1624,71,A,N,29.19,1290.5,1.89811713
1625,71,A,N,29.19,1290.5,1.89811713
1626,71,A,N,29.19,1290.5,1.89811713
1627,72,A,N,45.64,1315.5,2.053740858
1628,72,A,N,45.64,1315.5,2.053740858
1629,72,A,N,45.64,1315.5,2.053740858
1630,72,A,N,45.64,1315.5,2.053740858
1631,72,A,N,45.64,1315.5,2.053740858
1632,72,A,N,45.64,1315.5,2.053740858
1633,73,A,N,26.9,1344,2.222123929
1634,73,A,N,26.9,1344,2.222123929
1635,73,A,N,26.9,1344,2.222123929
1636,73,A,N,26.9,1344,2.222123929
1637,73,A,N,26.9,1344,2.222123929
1638,73,A,N,26.9,1344,2.222123929
1639,74,A,N,38.93,1372.5,2.404312441
1640,74,A,N,38.93,1372.5,2.404312441
1641,74,A,N,38.93,1372.5,2.404312441
1642,74,A,N,38.93,1372.5,2.404312441
1643,74,A,N,38.93,1372.5,2.404312441
1644,74,A,N,38.93,1372.5,2.404312441
1645,75,A,N,46.39,1399,2.601438219
1646,75,A,N,46.39,1399,2.601438219
1647,75,A,N,46.39,1399,2.601438219
1648,75,A,N,46.39,1399,2.601438219
1649,75,A,N,46.39,1399,2.601438219
1650,75,A,N,46.39,1399,2.601438219
1651,76,A,N,35.35,1426,2.814725771
1652,76,A,N,35.35,1426,2.814725771
1653,76,A,N,35.35,1426,2.814725771
1654,76,A,N,35.35,1426,2.814725771
1655,76,A,N,35.35,1426,2.814725771
1656,76,A,N,35.35,1426,2.814725771
1657,77,A,N,26.7,1449.5,3.045499646
1658,77,A,N,26.7,1449.5,3.045499646
1659,77,A,N,26.7,1449.5,3.045499646
1660,77,A,N,26.7,1449.5,3.045499646
1661,77,A,N,26.7,1449.5,3.045499646
1662,77,A,N,26.7,1449.5,3.045499646
1663,78,A,N,22,1473.5,3.295191962
1664,78,A,N,22,1473.5,3.295191962
1665,78,A,N,22,1473.5,3.295191962
1666,78,A,N,22,1473.5,3.295191962
1667,78,A,N,22,1473.5,3.295191962
1668,78,A,N,22,1473.5,3.295191962
1669,79,A,N,19.07,1497.5,3.565349209
1670,79,A,N,19.07,1497.5,3.565349209
1671,79,A,N,19.07,1497.5,3.565349209
1672,79,A,N,19.07,1497.5,3.565349209
1673,79,A,N,19.07,1497.5,3.565349209
1674,79,A,N,19.07,1497.5,3.565349209
1675,80,A,N,20.15,1521.5,3.857635668
1676,80,A,N,20.15,1521.5,3.857635668
1677,80,A,N,20.15,1521.5,3.857635668
1678,80,A,N,20.15,1521.5,3.857635668
1679,80,A,N,20.15,1521.5,3.857635668
1680,80,A,N,20.15,1521.5,3.857635668
1681,81,A,N,23.51,1540.5,4.173825486
1682,81,A,N,23.51,1540.5,4.173825486
1683,81,A,N,23.51,1540.5,4.173825486
1684,81,A,N,23.51,1540.5,4.173825486
1685,81,A,N,23.51,1540.5,4.173825486
1686,81,A,N,23.51,1540.5,4.173825486
1687,82,A,N,28.32,1562,4.515759743
1688,82,A,N,28.32,1562,4.515759743
1689,82,A,N,28.32,1562,4.515759743
1690,82,A,N,28.32,1562,4.515759743
1691,82,A,N,28.32,1562,4.515759743
1692,82,A,N,28.32,1562,4.515759743
1693,83,A,N,33.79,1587,4.885198593
1694,83,A,N,33.79,1587,4.885198593
1695,83,A,N,33.79,1587,4.885198593
1696,83,A,N,33.79,1587,4.885198593
1697,83,A,N,33.79,1587,4.885198593
1698,83,A,N,33.79,1587,4.885198593
1699,84,A,N,39.23,1614,5.283362463
1700,84,A,N,39.23,1614,5.283362463
1701,84,A,N,39.23,1614,5.283362463
1702,84,A,N,39.23,1614,5.283362463
1703,84,A,N,39.23,1614,5.283362463
1704,84,A,N,39.23,1614,5.283362463
1705,85,A,N,38.14,1641,5.709558607
1706,85,A,N,38.14,1641,5.709558607
1707,85,A,N,38.14,1641,5.709558607
1708,85,A,N,38.14,1641,5.709558607
1709,85,A,N,38.14,1641,5.709558607
1710,85,A,N,38.14,1641,5.709558607
1711,86,A,N,38.49,1669,6.157150545
1712,86,A,N,38.49,1669,6.157150545
1713,86,A,N,38.49,1669,6.157150545
1714,86,A,N,38.49,1669,6.157150545
1715,86,A,N,38.49,1669,6.157150545
1716,86,A,N,38.49,1669,6.157150545
1717,87,A,N,28.45,1696.5,6.602046515
1718,87,A,N,28.45,1696.5,6.602046515
1719,87,A,N,28.45,1696.5,6.602046515
1720,87,A,N,28.45,1696.5,6.602046515
1721,87,A,N,28.45,1696.5,6.602046515
1722,87,A,N,28.45,1696.5,6.602046515
1723,88,A,N,24.72,1719.5,6.971919594
1724,88,A,N,24.72,1719.5,6.971919594
1725,88,A,N,24.72,1719.5,6.971919594
1726,88,A,N,24.72,1719.5,6.971919594
1727,88,A,N,24.72,1719.5,6.971919594
1728,88,A,N,24.72,1719.5,6.971919594
1729,89,A,N,26.89,1736.5,7.078277089
1730,89,A,N,26.89,1736.5,7.078277089
1731,89,A,N,26.89,1736.5,7.078277089
1732,89,A,N,26.89,1736.5,7.078277089
1733,89,A,N,26.89,1736.5,7.078277089
1734,89,A,N,26.89,1736.5,7.078277089
1735,90,A,N,25.65,1752.5,6.547096047
1736,90,A,N,25.65,1752.5,6.547096047
1737,90,A,N,25.65,1752.5,6.547096047
1738,90,A,N,25.65,1752.5,6.547096047
1739,90,A,N,25.65,1752.5,6.547096047
1740,90,A,N,25.65,1752.5,6.547096047
1741,91,A,N,37.64,1770,5.046635447
1742,91,A,N,37.64,1770,5.046635447
1743,91,A,N,37.64,1770,5.046635447
1744,91,A,N,37.64,1770,5.046635447
1745,91,A,N,37.64,1770,5.046635447
1746,91,A,N,37.64,1770,5.046635447
1747,92,A,N,47.99,1794.5,3.011005016
1748,92,A,N,47.99,1794.5,3.011005016
1749,92,A,N,47.99,1794.5,3.011005016
1750,92,A,N,47.99,1794.5,3.011005016
1751,92,A,N,47.99,1794.5,3.011005016
1752,92,A,N,47.99,1794.5,3.011005016
1753,93,A,N,67.36,1821,1.421177604
1754,93,A,N,67.36,1821,1.421177604
1755,93,A,N,67.36,1821,1.421177604
1756,93,A,N,67.36,1821,1.421177604
1757,93,A,N,67.36,1821,1.421177604
1758,93,A,N,67.36,1821,1.421177604
1759,94,A,N,47.62,1847.5,0.58113912
1760,94,A,N,47.62,1847.5,0.58113912
1761,94,A,N,47.62,1847.5,0.58113912
1762,94,A,N,47.62,1847.5,0.58113912
1763,94,A,N,47.62,1847.5,0.58113912
1764,94,A,N,47.62,1847.5,0.58113912
1765,95,A,N,51.59,1870,0.22227484
1766,95,A,N,51.59,1870,0.22227484
1767,95,A,N,51.59,1870,0.22227484
1768,95,A,N,51.59,1870,0.22227484
1769,95,A,N,51.59,1870,0.22227484
1770,95,A,N,51.59,1870,0.22227484
1771,96,A,N,49.24,1889,0.082749499
1772,96,A,N,49.24,1889,0.082749499
1773,96,A,N,49.24,1889,0.082749499
1774,96,A,N,49.24,1889,0.082749499
1775,96,A,N,49.24,1889,0.082749499
1776,96,A,N,49.24,1889,0.082749499
1777,97,A,N,42.74,1909.5,0.03049128
1778,97,A,N,42.74,1909.5,0.03049128
1779,97,A,N,42.74,1909.5,0.03049128
1780,97,A,N,42.74,1909.5,0.03049128
1781,97,A,N,42.74,1909.5,0.03049128
1782,97,A,N,42.74,1909.5,0.03049128
1783,98,A,N,68.52,1930,0.011192505
1784,98,A,N,68.52,1930,0.011192505
1785,98,A,N,68.52,1930,0.011192505
1786,98,A,N,68.52,1930,0.011192505
1787,98,A,N,68.52,1930,0.011192505
1788,98,A,N,68.52,1930,0.011192505
1789,99,A,N,64.36,1950.5,0.004102686
1790,99,A,N,64.36,1950.5,0.004102686
1791,99,A,N,64.36,1950.5,0.004102686
1792,99,A,N,64.36,1950.5,0.004102686
1793,99,A,N,64.36,1950.5,0.004102686
1794,99,A,N,64.36,1950.5,0.004102686
1795,100,A,N,66.44,1971,0.00150309
1796,100,A,N,66.44,1971,0.00150309
1797,100,A,N,66.44,1971,0.00150309
1798,100,A,N,66.44,1971,0.00150309
1799,100,A,N,66.44,1971,0.00150309
1800,100,A,N,66.44,1971,0.00150309
1801,1,B,N,47.16,10.5,0.012791127
1802,1,B,N,47.16,10.5,0.012791127
1803,1,B,N,47.16,10.5,0.012791127
1804,1,B,N,47.16,10.5,0.012791127
1805,1,B,N,47.16,10.5,0.012791127
1806,1,B,N,47.16,10.5,0.012791127
1807,2,B,N,24.09,18,0.013878842
1808,2,B,N,24.09,18,0.013878842
1809,2,B,N,24.09,18,0.013878842
1810,2,B,N,24.09,18,0.013878842
1811,2,B,N,24.09,18,0.013878842
1812,2,B,N,24.09,18,0.013878842
1813,3,B,N,25.03,24.5,0.015059053
1814,3,B,N,25.03,24.5,0.015059053
1815,3,B,N,25.03,24.5,0.015059053
1816,3,B,N,25.03,24.5,0.015059053
1817,3,B,N,25.03,24.5,0.015059053
1818,3,B,N,25.03,24.5,0.015059053
1819,4,B,N,18.08,35.5,0.016339625
1820,4,B,N,18.08,35.5,0.016339625
1821,4,B,N,18.08,35.5,0.016339625
1822,4,B,N,18.08,35.5,0.016339625
1823,4,B,N,18.08,35.5,0.016339625
1824,4,B,N,18.08,35.5,0.016339625
1825,5,B,N,11.61,39,0.017729093
1826,5,B,N,11.61,39,0.017729093
1827,5,B,N,11.61,39,0.017729093
1828,5,B,N,11.61,39,0.017729093
1829,5,B,N,11.61,39,0.017729093
1830,5,B,N,11.61,39,0.017729093
1831,6,B,N,12.41,39.5,0.019236716
1832,6,B,N,12.41,39.5,0.019236716
1833,6,B,N,12.41,39.5,0.019236716
1834,6,B,N,12.41,39.5,0.019236716
1835,6,B,N,12.41,39.5,0.019236716
1836,6,B,N,12.41,39.5,0.019236716
1837,7,B,N,22.08,40,0.020872543
1838,7,B,N,22.08,40,0.020872543
1839,7,B,N,22.08,40,0.020872543
1840,7,B,N,22.08,40,0.020872543
1841,7,B,N,22.08,40,0.020872543
1842,7,B,N,22.08,40,0.020872543
1843,8,B,N,25.82,40,0.022647475
1844,8,B,N,25.82,40,0.022647475
1845,8,B,N,25.82,40,0.022647475
1846,8,B,N,25.82,40,0.022647475
1847,8,B,N,25.82,40,0.022647475
1848,8,B,N,25.82,40,0.022647475
1849,9,B,N,36.49,48,0.024573342
1850,9,B,N,36.49,48,0.024573342
1851,9,B,N,36.49,48,0.024573342
1852,9,B,N,36.49,48,0.024573342
1853,9,B,N,36.49,48,0.024573342
1854,9,B,N,36.49,48,0.024573342
1855,10,B,N,49.7,55.5,0.026662977
1856,10,B,N,49.7,55.5,0.026662977
1857,10,B,N,49.7,55.5,0.026662977
1858,10,B,N,49.7,55.5,0.026662977
1859,10,B,N,49.7,55.5,0.026662977
1860,10,B,N,49.7,55.5,0.026662977
1861,11,B,N,62.33,66,0.028930309
1862,11,B,N,62.33,66,0.028930309
1863,11,B,N,62.33,66,0.028930309
1864,11,B,N,62.33,66,0.028930309
1865,11,B,N,62.33,66,0.028930309
1866,11,B,N,62.33,66,0.028930309
1867,12,B,N,54.51,76,0.031390447
1868,12,B,N,54.51,76,0.031390447
1869,12,B,N,54.51,76,0.031390447
1870,12,B,N,54.51,76,0.031390447
1871,12,B,N,54.51,76,0.031390447
1872,12,B,N,54.51,76,0.031390447
1873,13,B,N,33.4,87,0.034059787
1874,13,B,N,33.4,87,0.034059787
1875,13,B,N,33.4,87,0.034059787
1876,13,B,N,33.4,87,0.034059787
1877,13,B,N,33.4,87,0.034059787
1878,13,B,N,33.4,87,0.034059787
1879,14,B,N,23.98,106.5,0.036956118
1880,14,B,N,23.98,106.5,0.036956118
1881,14,B,N,23.98,106.5,0.036956118
1882,14,B,N,23.98,106.5,0.036956118
1883,14,B,N,23.98,106.5,0.036956118
1884,14,B,N,23.98,106.5,0.036956118
1885,15,B,N,18.23,120,0.040098744
1886,15,B,N,18.23,120,0.040098744
1887,15,B,N,18.23,120,0.040098744
1888,15,B,N,18.23,120,0.040098744
1889,15,B,N,18.23,120,0.040098744
1890,15,B,N,18.23,120,0.040098744
1891,16,B,N,19.57,135,0.043508609
1892,16,B,N,19.57,135,0.043508609
1893,16,B,N,19.57,135,0.043508609
1894,16,B,N,19.57,135,0.043508609
1895,16,B,N,19.57,135,0.043508609
1896,16,B,N,19.57,135,0.043508609
1897,17,B,N,22.98,149.5,0.047208437
1898,17,B,N,22.98,149.5,0.047208437
1899,17,B,N,22.98,149.5,0.047208437
1900,17,B,N,22.98,149.5,0.047208437
1901,17,B,N,22.98,149.5,0.047208437
1902,17,B,N,22.98,149.5,0.047208437
1903,18,B,N,16.24,163,0.051222887
1904,18,B,N,16.24,163,0.051222887
1905,18,B,N,16.24,163,0.051222887
1906,18,B,N,16.24,163,0.051222887
1907,18,B,N,16.24,163,0.051222887
1908,18,B,N,16.24,163,0.051222887
1909,19,B,N,17.64,168,0.055578712
1910,19,B,N,17.64,168,0.055578712
1911,19,B,N,17.64,168,0.055578712
1912,19,B,N,17.64,168,0.055578712
1913,19,B,N,17.64,168,0.055578712
1914,19,B,N,17.64,168,0.055578712
1915,20,B,N,22.67,182.5,0.060304942
1916,20,B,N,22.67,182.5,0.060304942
1917,20,B,N,22.67,182.5,0.060304942
1918,20,B,N,22.67,182.5,0.060304942
1919,20,B,N,22.67,182.5,0.060304942
1920,20,B,N,22.67,182.5,0.060304942
1921,21,B,N,44,199,0.065433075
1922,21,B,N,44,199,0.065433075
1923,21,B,N,44,199,0.065433075
1924,21,B,N,44,199,0.065433075
1925,21,B,N,44,199,0.065433075
1926,21,B,N,44,199,0.065433075
1927,22,B,N,42.98,216,0.070997287
1928,22,B,N,42.98,216,0.070997287
1929,22,B,N,42.98,216,0.070997287
1930,22,B,N,42.98,216,0.070997287
1931,22,B,N,42.98,216,0.070997287
1932,22,B,N,42.98,216,0.070997287
1933,23,B,N,38.09,225.5,0.077034662
1934,23,B,N,38.09,225.5,0.077034662
1935,23,B,N,38.09,225.5,0.077034662
1936,23,B,N,38.09,225.5,0.077034662
1937,23,B,N,38.09,225.5,0.077034662
1938,23,B,N,38.09,225.5,0.077034662
1939,24,B,N,30.83,238,0.083585435
1940,24,B,N,30.83,238,0.083585435
1941,24,B,N,30.83,238,0.083585435
1942,24,B,N,30.83,238,0.083585435
1943,24,B,N,30.83,238,0.083585435
1944,24,B,N,30.83,238,0.083585435
1945,25,B,N,31.87,258.5,0.090693264
1946,25,B,N,31.87,258.5,0.090693264
1947,25,B,N,31.87,258.5,0.090693264
1948,25,B,N,31.87,258.5,0.090693264
1949,25,B,N,31.87,258.5,0.090693264
1950,25,B,N,31.87,258.5,0.090693264
1951,26,B,N,26.34,276.5,0.098405519
1952,26,B,N,26.34,276.5,0.098405519
1953,26,B,N,26.34,276.5,0.098405519
1954,26,B,N,26.34,276.5,0.098405519
1955,26,B,N,26.34,276.5,0.098405519
1956,26,B,N,26.34,276.5,0.098405519
1957,27,B,N,38.66,291.5,0.106773599
1958,27,B,N,38.66,291.5,0.106773599
1959,27,B,N,38.66,291.5,0.106773599
1960,27,B,N,38.66,291.5,0.106773599
1961,27,B,N,38.66,291.5,0.106773599
1962,27,B,N,38.66,291.5,0.106773599
1963,28,B,N,39.71,308.5,0.115853273
1964,28,B,N,39.71,308.5,0.115853273
1965,28,B,N,39.71,308.5,0.115853273
1966,28,B,N,39.71,308.5,0.115853273
1967,28,B,N,39.71,308.5,0.115853273
1968,28,B,N,39.71,308.5,0.115853273
1969,29,B,N,28.26,328,0.125705052
1970,29,B,N,28.26,328,0.125705052
1971,29,B,N,28.26,328,0.125705052
1972,29,B,N,28.26,328,0.125705052
1973,29,B,N,28.26,328,0.125705052
1974,29,B,N,28.26,328,0.125705052
1975,30,B,N,23.72,346.5,0.136394594
1976,30,B,N,23.72,346.5,0.136394594
1977,30,B,N,23.72,346.5,0.136394594
1978,30,B,N,23.72,346.5,0.136394594
1979,30,B,N,23.72,346.5,0.136394594
1980,30,B,N,23.72,346.5,0.136394594
1981,31,B,N,31.29,370.5,0.147993139
1982,31,B,N,31.29,370.5,0.147993139
1983,31,B,N,31.29,370.5,0.147993139
1984,31,B,N,31.29,370.5,0.147993139
1985,31,B,N,31.29,370.5,0.147993139
1986,31,B,N,31.29,370.5,0.147993139
1987,32,B,N,30.2,394.5,0.160577985
1988,32,B,N,30.2,394.5,0.160577985
1989,32,B,N,30.2,394.5,0.160577985
1990,32,B,N,30.2,394.5,0.160577985
1991,32,B,N,30.2,394.5,0.160577985
1992,32,B,N,30.2,394.5,0.160577985
1993,33,B,N,22.76,418.5,0.174233005
1994,33,B,N,22.76,418.5,0.174233005
1995,33,B,N,22.76,418.5,0.174233005
1996,33,B,N,22.76,418.5,0.174233005
1997,33,B,N,22.76,418.5,0.174233005
1998,33,B,N,22.76,418.5,0.174233005
1999,34,B,N,25.39,446,0.189049202
2000,34,B,N,25.39,446,0.189049202
2001,34,B,N,25.39,446,0.189049202
2002,34,B,N,25.39,446,0.189049202
2003,34,B,N,25.39,446,0.189049202
2004,34,B,N,25.39,446,0.189049202
2005,35,B,N,29.93,470,0.205125319
2006,35,B,N,29.93,470,0.205125319
2007,35,B,N,29.93,470,0.205125319
2008,35,B,N,29.93,470,0.205125319
2009,35,B,N,29.93,470,0.205125319
2010,35,B,N,29.93,470,0.205125319
2011,36,B,N,19.87,493,0.222568493
2012,36,B,N,19.87,493,0.222568493
2013,36,B,N,19.87,493,0.222568493
2014,36,B,N,19.87,493,0.222568493
2015,36,B,N,19.87,493,0.222568493
2016,36,B,N,19.87,493,0.222568493
2017,37,B,N,13.52,515,0.241494975
2018,37,B,N,13.52,515,0.241494975
2019,37,B,N,13.52,515,0.241494975
2020,37,B,N,13.52,515,0.241494975
2021,37,B,N,13.52,515,0.241494975
2022,37,B,N,13.52,515,0.241494975
2023,38,B,N,18.98,537.5,0.2620309
2024,38,B,N,18.98,537.5,0.2620309
2025,38,B,N,18.98,537.5,0.2620309
2026,38,B,N,18.98,537.5,0.2620309
2027,38,B,N,18.98,537.5,0.2620309
2028,38,B,N,18.98,537.5,0.2620309
2029,39,B,N,25.97,562.5,0.284313125
2030,39,B,N,25.97,562.5,0.284313125
2031,39,B,N,25.97,562.5,0.284313125
2032,39,B,N,25.97,562.5,0.284313125
2033,39,B,N,25.97,562.5,0.284313125
2034,39,B,N,25.97,562.5,0.284313125
2035,40,B,N,27.61,586,0.30849015
2036,40,B,N,27.61,586,0.30849015
2037,40,B,N,27.61,586,0.30849015
2038,40,B,N,27.61,586,0.30849015
2039,40,B,N,27.61,586,0.30849015
2040,40,B,N,27.61,586,0.30849015
2041,41,B,N,27.26,609.5,0.334723096
2042,41,B,N,27.26,609.5,0.334723096
2043,41,B,N,27.26,609.5,0.334723096
2044,41,B,N,27.26,609.5,0.334723096
2045,41,B,N,27.26,609.5,0.334723096
2046,41,B,N,27.26,609.5,0.334723096
2047,42,B,N,22.38,634,0.363186786
2048,42,B,N,22.38,634,0.363186786
2049,42,B,N,22.38,634,0.363186786
2050,42,B,N,22.38,634,0.363186786
2051,42,B,N,22.38,634,0.363186786
2052,42,B,N,22.38,634,0.363186786
2053,43,B,N,17.79,655,0.394070906
2054,43,B,N,17.79,655,0.394070906
2055,43,B,N,17.79,655,0.394070906
2056,43,B,N,17.79,655,0.394070906
2057,43,B,N,17.79,655,0.394070906
2058,43,B,N,17.79,655,0.394070906
2059,44,B,N,19.52,678.5,0.427581265
2060,44,B,N,19.52,678.5,0.427581265
2061,44,B,N,19.52,678.5,0.427581265
2062,44,B,N,19.52,678.5,0.427581265
2063,44,B,N,19.52,678.5,0.427581265
2064,44,B,N,19.52,678.5,0.427581265
2065,45,B,N,20.22,703.5,0.463941169
2066,45,B,N,20.22,703.5,0.463941169
2067,45,B,N,20.22,703.5,0.463941169
2068,45,B,N,20.22,703.5,0.463941169
2069,45,B,N,20.22,703.5,0.463941169
2070,45,B,N,20.22,703.5,0.463941169
2071,46,B,N,34.51,728.5,0.503392898
2072,46,B,N,34.51,728.5,0.503392898
2073,46,B,N,34.51,728.5,0.503392898
2074,46,B,N,34.51,728.5,0.503392898
2075,46,B,N,34.51,728.5,0.503392898
2076,46,B,N,34.51,728.5,0.503392898
2077,47,B,N,32.71,754,0.54619932
2078,47,B,N,32.71,754,0.54619932
2079,47,B,N,32.71,754,0.54619932
2080,47,B,N,32.71,754,0.54619932
2081,47,B,N,32.71,754,0.54619932
2082,47,B,N,32.71,754,0.54619932
2083,48,B,N,22.97,774.5,0.592645628
2084,48,B,N,22.97,774.5,0.592645628
2085,48,B,N,22.97,774.5,0.592645628
2086,48,B,N,22.97,774.5,0.592645628
2087,48,B,N,22.97,774.5,0.592645628
2088,48,B,N,22.97,774.5,0.592645628
2089,49,B,N,17.63,796,0.643041225
2090,49,B,N,17.63,796,0.643041225
2091,49,B,N,17.63,796,0.643041225
2092,49,B,N,17.63,796,0.643041225
2093,49,B,N,17.63,796,0.643041225
2094,49,B,N,17.63,796,0.643041225
2095,50,B,N,15.13,820.5,0.697721766
2096,50,B,N,15.13,820.5,0.697721766
2097,50,B,N,15.13,820.5,0.697721766
2098,50,B,N,15.13,820.5,0.697721766
2099,50,B,N,15.13,820.5,0.697721766
2100,50,B,N,15.13,820.5,0.697721766
2101,51,B,N,23.6,841.5,0.757051353
2102,51,B,N,23.6,841.5,0.757051353
2103,51,B,N,23.6,841.5,0.757051353
2104,51,B,N,23.6,841.5,0.757051353
2105,51,B,N,23.6,841.5,0.757051353
2106,51,B,N,23.6,841.5,0.757051353
2107,52,B,N,23.46,863.5,0.821424908
2108,52,B,N,23.46,863.5,0.821424908
2109,52,B,N,23.46,863.5,0.821424908
2110,52,B,N,23.46,863.5,0.821424908
2111,52,B,N,23.46,863.5,0.821424908
2112,52,B,N,23.46,863.5,0.821424908
2113,53,B,N,16.24,885,0.891270721
2114,53,B,N,16.24,885,0.891270721
2115,53,B,N,16.24,885,0.891270721
2116,53,B,N,16.24,885,0.891270721
2117,53,B,N,16.24,885,0.891270721
2118,53,B,N,16.24,885,0.891270721
2119,54,B,N,14.25,904,0.967053174
2120,54,B,N,14.25,904,0.967053174
2121,54,B,N,14.25,904,0.967053174
2122,54,B,N,14.25,904,0.967053174
2123,54,B,N,14.25,904,0.967053174
2124,54,B,N,14.25,904,0.967053174
2125,55,B,N,20.88,915.5,1.049275642
2126,55,B,N,20.88,915.5,1.049275642
2127,55,B,N,20.88,915.5,1.049275642
2128,55,B,N,20.88,915.5,1.049275642
2129,55,B,N,20.88,915.5,1.049275642
2130,55,B,N,20.88,915.5,1.049275642
2131,56,B,N,35.44,935.5,1.138483554
2132,56,B,N,35.44,935.5,1.138483554
2133,56,B,N,35.44,935.5,1.138483554
2134,56,B,N,35.44,935.5,1.138483554
2135,56,B,N,35.44,935.5,1.138483554
2136,56,B,N,35.44,935.5,1.138483554
2137,57,B,N,33.51,960,1.235267575
2138,57,B,N,33.51,960,1.235267575
2139,57,B,N,33.51,960,1.235267575
2140,57,B,N,33.51,960,1.235267575
2141,57,B,N,33.51,960,1.235267575
2142,57,B,N,33.51,960,1.235267575
2143,58,B,N,34.06,983.5,1.340266867
2144,58,B,N,34.06,983.5,1.340266867
2145,58,B,N,34.06,983.5,1.340266867
2146,58,B,N,34.06,983.5,1.340266867
2147,58,B,N,34.06,983.5,1.340266867
2148,58,B,N,34.06,983.5,1.340266867
2149,59,B,N,36.56,1007,1.454172312
2150,59,B,N,36.56,1007,1.454172312
2151,59,B,N,36.56,1007,1.454172312
2152,59,B,N,36.56,1007,1.454172312
2153,59,B,N,36.56,1007,1.454172312
2154,59,B,N,36.56,1007,1.454172312
2155,60,B,N,64.53,1030.5,1.577729558
2156,60,B,N,64.53,1030.5,1.577729558
2157,60,B,N,64.53,1030.5,1.577729558
2158,60,B,N,64.53,1030.5,1.577729558
2159,60,B,N,64.53,1030.5,1.577729558
2160,60,B,N,64.53,1030.5,1.577729558
2161,61,B,N,47.71,1054,1.71174161
2162,61,B,N,47.71,1054,1.71174161
2163,61,B,N,47.71,1054,1.71174161
2164,61,B,N,47.71,1054,1.71174161
2165,61,B,N,47.71,1054,1.71174161
2166,61,B,N,47.71,1054,1.71174161
2167,62,B,N,32.35,1079.5,1.857070592
2168,62,B,N,32.35,1079.5,1.857070592
2169,62,B,N,32.35,1079.5,1.857070592
2170,62,B,N,32.35,1079.5,1.857070592
2171,62,B,N,32.35,1079.5,1.857070592
2172,62,B,N,32.35,1079.5,1.857070592
2173,63,B,N,32.18,1105,2.014638042
2174,63,B,N,32.18,1105,2.014638042
2175,63,B,N,32.18,1105,2.014638042
2176,63,B,N,32.18,1105,2.014638042
2177,63,B,N,32.18,1105,2.014638042
2178,63,B,N,32.18,1105,2.014638042
2179,64,B,N,33.05,1127,2.185422812
2180,64,B,N,33.05,1127,2.185422812
2181,64,B,N,33.05,1127,2.185422812
2182,64,B,N,33.05,1127,2.185422812
2183,64,B,N,33.05,1127,2.185422812
2184,64,B,N,33.05,1127,2.185422812
2185,65,B,N,25.23,1149,2.370455109
2186,65,B,N,25.23,1149,2.370455109
2187,65,B,N,25.23,1149,2.370455109
2188,65,B,N,25.23,1149,2.370455109
2189,65,B,N,25.23,1149,2.370455109
2190,65,B,N,25.23,1149,2.370455109
2191,66,B,N,30.45,1174,2.570804513
2192,66,B,N,30.45,1174,2.570804513
2193,66,B,N,30.45,1174,2.570804513
2194,66,B,N,30.45,1174,2.570804513
2195,66,B,N,30.45,1174,2.570804513
2196,66,B,N,30.45,1174,2.570804513
2197,67,B,N,24.14,1198,2.787558659
2198,67,B,N,24.14,1198,2.787558659
2199,67,B,N,24.14,1198,2.787558659
2200,67,B,N,24.14,1198,2.787558659
2201,67,B,N,24.14,1198,2.787558659
2202,67,B,N,24.14,1198,2.787558659
2203,68,B,N,28.11,1217,3.021787663
2204,68,B,N,28.11,1217,3.021787663
2205,68,B,N,28.11,1217,3.021787663
2206,68,B,N,28.11,1217,3.021787663
2207,68,B,N,28.11,1217,3.021787663
2208,68,B,N,28.11,1217,3.021787663
2209,69,B,N,32.72,1240,3.274486995
2210,69,B,N,32.72,1240,3.274486995
2211,69,B,N,32.72,1240,3.274486995
2212,69,B,N,32.72,1240,3.274486995
2213,69,B,N,32.72,1240,3.274486995
2214,69,B,N,32.72,1240,3.274486995
2215,70,B,N,26.98,1265.5,3.546488115
2216,70,B,N,26.98,1265.5,3.546488115
2217,70,B,N,26.98,1265.5,3.546488115
2218,70,B,N,26.98,1265.5,3.546488115
2219,70,B,N,26.98,1265.5,3.546488115
2220,70,B,N,26.98,1265.5,3.546488115
2221,71,B,N,29.19,1290.5,3.838321488
2222,71,B,N,29.19,1290.5,3.838321488
2223,71,B,N,29.19,1290.5,3.838321488
2224,71,B,N,29.19,1290.5,3.838321488
2225,71,B,N,29.19,1290.5,3.838321488
2226,71,B,N,29.19,1290.5,3.838321488
2227,72,B,N,45.64,1315.5,4.150010401
2228,72,B,N,45.64,1315.5,4.150010401
2229,72,B,N,45.64,1315.5,4.150010401
2230,72,B,N,45.64,1315.5,4.150010401
2231,72,B,N,45.64,1315.5,4.150010401
2232,72,B,N,45.64,1315.5,4.150010401
2233,73,B,N,26.9,1344,4.480766469
2234,73,B,N,26.9,1344,4.480766469
2235,73,B,N,26.9,1344,4.480766469
2236,73,B,N,26.9,1344,4.480766469
2237,73,B,N,26.9,1344,4.480766469
2238,73,B,N,26.9,1344,4.480766469
2239,74,B,N,38.93,1372.5,4.828549928
2240,74,B,N,38.93,1372.5,4.828549928
2241,74,B,N,38.93,1372.5,4.828549928
2242,74,B,N,38.93,1372.5,4.828549928
2243,74,B,N,38.93,1372.5,4.828549928
2244,74,B,N,38.93,1372.5,4.828549928
2245,75,B,N,46.39,1399,5.189453177
2246,75,B,N,46.39,1399,5.189453177
2247,75,B,N,46.39,1399,5.189453177
2248,75,B,N,46.39,1399,5.189453177
2249,75,B,N,46.39,1399,5.189453177
2250,75,B,N,46.39,1399,5.189453177
2251,76,B,N,35.35,1426,5.556872009
2252,76,B,N,35.35,1426,5.556872009
2253,76,B,N,35.35,1426,5.556872009
2254,76,B,N,35.35,1426,5.556872009
2255,76,B,N,35.35,1426,5.556872009
2256,76,B,N,35.35,1426,5.556872009
2257,77,B,N,26.7,1449.5,5.920460669
2258,77,B,N,26.7,1449.5,5.920460669
2259,77,B,N,26.7,1449.5,5.920460669
2260,77,B,N,26.7,1449.5,5.920460669
2261,77,B,N,26.7,1449.5,5.920460669
2262,77,B,N,26.7,1449.5,5.920460669
2263,78,B,N,22,1473.5,6.264949254
2264,78,B,N,22,1473.5,6.264949254
2265,78,B,N,22,1473.5,6.264949254
2266,78,B,N,22,1473.5,6.264949254
2267,78,B,N,22,1473.5,6.264949254
2268,78,B,N,22,1473.5,6.264949254
2269,79,B,N,19.07,1497.5,6.569068538
2270,79,B,N,19.07,1497.5,6.569068538
2271,79,B,N,19.07,1497.5,6.569068538
2272,79,B,N,19.07,1497.5,6.569068538
2273,79,B,N,19.07,1497.5,6.569068538
2274,79,B,N,19.07,1497.5,6.569068538
2275,80,B,N,20.15,1521.5,6.80510057
2276,80,B,N,20.15,1521.5,6.80510057
2277,80,B,N,20.15,1521.5,6.80510057
2278,80,B,N,20.15,1521.5,6.80510057
2279,80,B,N,20.15,1521.5,6.80510057
2280,80,B,N,20.15,1521.5,6.80510057
2281,81,B,N,23.51,1540.5,6.939911792
2282,81,B,N,23.51,1540.5,6.939911792
2283,81,B,N,23.51,1540.5,6.939911792
2284,81,B,N,23.51,1540.5,6.939911792
2285,81,B,N,23.51,1540.5,6.939911792
2286,81,B,N,23.51,1540.5,6.939911792
2287,82,B,N,28.32,1562,6.938527925
2288,82,B,N,28.32,1562,6.938527925
2289,82,B,N,28.32,1562,6.938527925
2290,82,B,N,28.32,1562,6.938527925
2291,82,B,N,28.32,1562,6.938527925
2292,82,B,N,28.32,1562,6.938527925
2293,83,B,N,33.79,1587,6.770949778
2294,83,B,N,33.79,1587,6.770949778
2295,83,B,N,33.79,1587,6.770949778
2296,83,B,N,33.79,1587,6.770949778
2297,83,B,N,33.79,1587,6.770949778
2298,83,B,N,33.79,1587,6.770949778
2299,84,B,N,39.23,1614,6.421510449
2300,84,B,N,39.23,1614,6.421510449
2301,84,B,N,39.23,1614,6.421510449
2302,84,B,N,39.23,1614,6.421510449
2303,84,B,N,39.23,1614,6.421510449
2304,84,B,N,39.23,1614,6.421510449
2305,85,B,N,38.14,1641,5.897762106
2306,85,B,N,38.14,1641,5.897762106
2307,85,B,N,38.14,1641,5.897762106
2308,85,B,N,38.14,1641,5.897762106
2309,85,B,N,38.14,1641,5.897762106
2310,85,B,N,38.14,1641,5.897762106
2311,86,B,N,38.49,1669,5.2341377
2312,86,B,N,38.49,1669,5.2341377
2313,86,B,N,38.49,1669,5.2341377
2314,86,B,N,38.49,1669,5.2341377
2315,86,B,N,38.49,1669,5.2341377
2316,86,B,N,38.49,1669,5.2341377
2317,87,B,N,28.45,1696.5,4.4867703
2318,87,B,N,28.45,1696.5,4.4867703
2319,87,B,N,28.45,1696.5,4.4867703
2320,87,B,N,28.45,1696.5,4.4867703
2321,87,B,N,28.45,1696.5,4.4867703
2322,87,B,N,28.45,1696.5,4.4867703
2323,88,B,N,24.72,1719.5,3.720411289
2324,88,B,N,24.72,1719.5,3.720411289
2325,88,B,N,24.72,1719.5,3.720411289
2326,88,B,N,24.72,1719.5,3.720411289
2327,88,B,N,24.72,1719.5,3.720411289
2328,88,B,N,24.72,1719.5,3.720411289
2329,89,B,N,26.89,1736.5,2.993216432
2330,89,B,N,26.89,1736.5,2.993216432
2331,89,B,N,26.89,1736.5,2.993216432
2332,89,B,N,26.89,1736.5,2.993216432
2333,89,B,N,26.89,1736.5,2.993216432
2334,89,B,N,26.89,1736.5,2.993216432
2335,90,B,N,25.65,1752.5,2.346041771
2336,90,B,N,25.65,1752.5,2.346041771
2337,90,B,N,25.65,1752.5,2.346041771
2338,90,B,N,25.65,1752.5,2.346041771
2339,90,B,N,25.65,1752.5,2.346041771
2340,90,B,N,25.65,1752.5,2.346041771
2341,91,B,N,37.64,1770,1.799330017
2342,91,B,N,37.64,1770,1.799330017
2343,91,B,N,37.64,1770,1.799330017
2344,91,B,N,37.64,1770,1.799330017
2345,91,B,N,37.64,1770,1.799330017
2346,91,B,N,37.64,1770,1.799330017
2347,92,B,N,47.99,1794.5,1.356225492
2348,92,B,N,47.99,1794.5,1.356225492
2349,92,B,N,47.99,1794.5,1.356225492
2350,92,B,N,47.99,1794.5,1.356225492
2351,92,B,N,47.99,1794.5,1.356225492
2352,92,B,N,47.99,1794.5,1.356225492
2353,93,B,N,67.36,1821,1.00847505
2354,93,B,N,67.36,1821,1.00847505
2355,93,B,N,67.36,1821,1.00847505
2356,93,B,N,67.36,1821,1.00847505
2357,93,B,N,67.36,1821,1.00847505
2358,93,B,N,67.36,1821,1.00847505
2359,94,B,N,47.62,1847.5,0.742180207
2360,94,B,N,47.62,1847.5,0.742180207
2361,94,B,N,47.62,1847.5,0.742180207
2362,94,B,N,47.62,1847.5,0.742180207
2363,94,B,N,47.62,1847.5,0.742180207
2364,94,B,N,47.62,1847.5,0.742180207
2365,95,B,N,51.59,1870,0.541986281
2366,95,B,N,51.59,1870,0.541986281
2367,95,B,N,51.59,1870,0.541986281
2368,95,B,N,51.59,1870,0.541986281
2369,95,B,N,51.59,1870,0.541986281
2370,95,B,N,51.59,1870,0.541986281
2371,96,B,N,49.24,1889,0.393528513
2372,96,B,N,49.24,1889,0.393528513
2373,96,B,N,49.24,1889,0.393528513
2374,96,B,N,49.24,1889,0.393528513
2375,96,B,N,49.24,1889,0.393528513
2376,96,B,N,49.24,1889,0.393528513
2377,97,B,N,42.74,1909.5,0.284536203
2378,97,B,N,42.74,1909.5,0.284536203
2379,97,B,N,42.74,1909.5,0.284536203
2380,97,B,N,42.74,1909.5,0.284536203
2381,97,B,N,42.74,1909.5,0.284536203
2382,97,B,N,42.74,1909.5,0.284536203
2383,98,B,N,68.52,1930,0.205101444
2384,98,B,N,68.52,1930,0.205101444
2385,98,B,N,68.52,1930,0.205101444
2386,98,B,N,68.52,1930,0.205101444
2387,98,B,N,68.52,1930,0.205101444
2388,98,B,N,68.52,1930,0.205101444
2389,99,B,N,64.36,1950.5,0.147514992
2390,99,B,N,64.36,1950.5,0.147514992
2391,99,B,N,64.36,1950.5,0.147514992
2392,99,B,N,64.36,1950.5,0.147514992
2393,99,B,N,64.36,1950.5,0.147514992
2394,99,B,N,64.36,1950.5,0.147514992
2395,100,B,N,66.44,1971,0.105927293
2396,100,B,N,66.44,1971,0.105927293
2397,100,B,N,66.44,1971,0.105927293
2398,100,B,N,66.44,1971,0.105927293
2399,100,B,N,66.44,1971,0.105927293
2400,100,B,N,66.44,1971,0.105927293